Year,Month,State,District,Monthly Precipitation
2000,1,Bihar,Bhagalpur,84.024
2000,1,Bihar,Gaya,33.991
2000,1,Bihar,Muzaffarpur,55.602
2000,1,Bihar,Patna,61.804
2000,1,Gujarat,Surat,83.501
2000,1,Gujarat,Vadodara,203.263
2000,1,Karnataka,Hubli,233.64600000000002
2000,1,Kerala,Kochi,26.079
2000,1,Kerala,Kozhikode,101.448
2000,1,Kerala,Thiruvananthapuram,68.682
2000,1,Kerala,Thrissur,331.64799999999997
2000,1,Maharashtra,Mumbai,363.512
2000,1,Maharashtra,Nagpur,383.937
2000,1,Maharashtra,Pune,194.89000000000001
2000,1,Rajasthan,Jaipur,36.342
2000,1,Rajasthan,Jodhpur,85.596
2000,1,Rajasthan,Kota,242.91500000000002
2000,1,Rajasthan,Udaipur,293.94100000000003
2000,1,Tamil Nadu,Chennai,50.435
2000,1,Tamil Nadu,Coimbatore,157.837
2000,1,Tamil Nadu,Madurai,229.72899999999998
2000,1,Tamil Nadu,Salem,64.44
2000,1,Telangana,Hyderabad,35.674
2000,1,Telangana,Nizamabad,243.103
2000,1,Telangana,Warangal,98.09
2000,1,Uttar Pradesh,Agra,14.412
2000,1,Uttar Pradesh,Lucknow,52.142
2000,1,Uttar Pradesh,Varanasi,115.077
2000,1,West Bengal,Durgapur,273.774
2000,1,West Bengal,Howrah,574.734
2000,1,West Bengal,Kolkata,118.665
2000,1,West Bengal,Siliguri,90.29
2000,2,Bihar,Bhagalpur,130.451
2000,2,Bihar,Muzaffarpur,97.718
2000,2,Bihar,Patna,277.7
2000,2,Gujarat,Ahmedabad,325.042
2000,2,Gujarat,Rajkot,92.771
2000,2,Gujarat,Surat,245.69799999999998
2000,2,Karnataka,Bengaluru,69.926
2000,2,Karnataka,Hubli,388.767
2000,2,Karnataka,Mangaluru,176.757
2000,2,Kerala,Kochi,515.381
2000,2,Kerala,Kozhikode,354.281
2000,2,Kerala,Thrissur,140.856
2000,2,Maharashtra,Mumbai,46.169
2000,2,Maharashtra,Nashik,110.955
2000,2,Maharashtra,Pune,80.085
2000,2,Rajasthan,Jaipur,123.487
2000,2,Rajasthan,Jodhpur,178.978
2000,2,Rajasthan,Kota,85.426
2000,2,Rajasthan,Udaipur,326.19
2000,2,Tamil Nadu,Chennai,123.13399999999999
2000,2,Tamil Nadu,Coimbatore,175.201
2000,2,Tamil Nadu,Madurai,319.239
2000,2,Tamil Nadu,Salem,87.92
2000,2,Telangana,Hyderabad,142.594
2000,2,Telangana,Karimnagar,69.684
2000,2,Telangana,Nizamabad,7.744
2000,2,Telangana,Warangal,105.309
2000,2,Uttar Pradesh,Kanpur,75.427
2000,2,Uttar Pradesh,Lucknow,38.226
2000,2,Uttar Pradesh,Varanasi,179.336
2000,2,West Bengal,Howrah,215.361
2000,2,West Bengal,Kolkata,56.594
2000,2,West Bengal,Siliguri,246.858
2000,3,Bihar,Gaya,69.155
2000,3,Bihar,Muzaffarpur,136.721
2000,3,Bihar,Patna,113.049
2000,3,Gujarat,Rajkot,174.812
2000,3,Gujarat,Vadodara,151.074
2000,3,Karnataka,Bengaluru,243.112
2000,3,Karnataka,Hubli,127.209
2000,3,Karnataka,Mangaluru,299.731
2000,3,Kerala,Kochi,286.106
2000,3,Kerala,Kozhikode,136.172
2000,3,Kerala,Thiruvananthapuram,219.472
2000,3,Kerala,Thrissur,5.597
2000,3,Maharashtra,Nagpur,84.59
2000,3,Maharashtra,Nashik,30.037
2000,3,Maharashtra,Pune,91.097
2000,3,Rajasthan,Jaipur,168.415
2000,3,Rajasthan,Jodhpur,34.646
2000,3,Rajasthan,Kota,1.464
2000,3,Rajasthan,Udaipur,112.173
2000,3,Tamil Nadu,Coimbatore,275.511
2000,3,Tamil Nadu,Madurai,364.214
2000,3,Tamil Nadu,Salem,151.977
2000,3,Telangana,Karimnagar,67.775
2000,3,Telangana,Nizamabad,176.925
2000,3,Telangana,Warangal,104.608
2000,3,Uttar Pradesh,Agra,100.78800000000001
2000,3,Uttar Pradesh,Kanpur,114.43900000000001
2000,3,Uttar Pradesh,Lucknow,85.119
2000,3,Uttar Pradesh,Varanasi,152.899
2000,3,West Bengal,Durgapur,363.894
2000,3,West Bengal,Howrah,57.113
2000,3,West Bengal,Kolkata,230.707
2000,3,West Bengal,Siliguri,49.045
2000,4,Bihar,Gaya,74.747
2000,4,Bihar,Muzaffarpur,78.727
2000,4,Gujarat,Rajkot,280.06
2000,4,Gujarat,Surat,137.46
2000,4,Gujarat,Vadodara,47.448
2000,4,Karnataka,Bengaluru,167.64299999999997
2000,4,Karnataka,Hubli,153.132
2000,4,Karnataka,Mysuru,176.329
2000,4,Kerala,Kochi,81.733
2000,4,Kerala,Thiruvananthapuram,82.103
2000,4,Kerala,Thrissur,115.33699999999999
2000,4,Maharashtra,Mumbai,210.862
2000,4,Maharashtra,Nagpur,179.27300000000002
2000,4,Maharashtra,Nashik,358.13
2000,4,Maharashtra,Pune,72.704
2000,4,Rajasthan,Jaipur,316.83
2000,4,Rajasthan,Jodhpur,50.423
2000,4,Rajasthan,Kota,148.972
2000,4,Tamil Nadu,Chennai,174.441
2000,4,Telangana,Hyderabad,240.351
2000,4,Telangana,Karimnagar,29.717
2000,4,Telangana,Nizamabad,146.863
2000,4,Telangana,Warangal,166.666
2000,4,Uttar Pradesh,Agra,86.877
2000,4,Uttar Pradesh,Kanpur,165.055
2000,4,Uttar Pradesh,Lucknow,133.005
2000,4,Uttar Pradesh,Varanasi,129.144
2000,4,West Bengal,Durgapur,175.86
2000,4,West Bengal,Kolkata,150.822
2000,5,Bihar,Gaya,100.721
2000,5,Bihar,Muzaffarpur,85.827
2000,5,Gujarat,Ahmedabad,122.803
2000,5,Gujarat,Rajkot,186.288
2000,5,Gujarat,Surat,144.534
2000,5,Gujarat,Vadodara,351.19399999999996
2000,5,Karnataka,Hubli,138.838
2000,5,Karnataka,Mysuru,96.72800000000001
2000,5,Kerala,Kochi,85.999
2000,5,Kerala,Kozhikode,240.721
2000,5,Kerala,Thiruvananthapuram,38.657
2000,5,Kerala,Thrissur,113.56099999999999
2000,5,Maharashtra,Mumbai,261.07800000000003
2000,5,Maharashtra,Nagpur,50.014
2000,5,Maharashtra,Nashik,103.767
2000,5,Maharashtra,Pune,69.547
2000,5,Rajasthan,Jaipur,145.304
2000,5,Rajasthan,Jodhpur,173.173
2000,5,Rajasthan,Kota,71.842
2000,5,Rajasthan,Udaipur,118.095
2000,5,Tamil Nadu,Chennai,407.907
2000,5,Tamil Nadu,Coimbatore,0.642
2000,5,Tamil Nadu,Madurai,363.23300000000006
2000,5,Tamil Nadu,Salem,50.056
2000,5,Telangana,Nizamabad,389.314
2000,5,Telangana,Warangal,159.082
2000,5,Uttar Pradesh,Agra,395.442
2000,5,Uttar Pradesh,Kanpur,247.58499999999998
2000,5,Uttar Pradesh,Lucknow,525.469
2000,5,West Bengal,Durgapur,158.285
2000,5,West Bengal,Howrah,230.10399999999998
2000,5,West Bengal,Kolkata,124.978
2000,5,West Bengal,Siliguri,323.136
2000,6,Bihar,Bhagalpur,443.595
2000,6,Bihar,Gaya,448.069
2000,6,Bihar,Muzaffarpur,404.501
2000,6,Bihar,Patna,74.13
2000,6,Gujarat,Ahmedabad,168.58499999999998
2000,6,Gujarat,Rajkot,283.477
2000,6,Gujarat,Surat,42.901
2000,6,Gujarat,Vadodara,217.21800000000002
2000,6,Karnataka,Hubli,281.382
2000,6,Karnataka,Mangaluru,126.874
2000,6,Karnataka,Mysuru,123.898
2000,6,Kerala,Kochi,278.11699999999996
2000,6,Kerala,Thrissur,359.496
2000,6,Maharashtra,Nagpur,86.73
2000,6,Maharashtra,Nashik,64.593
2000,6,Maharashtra,Pune,337.123
2000,6,Rajasthan,Jaipur,207.514
2000,6,Rajasthan,Jodhpur,183.159
2000,6,Rajasthan,Kota,88.84
2000,6,Tamil Nadu,Chennai,11.807
2000,6,Tamil Nadu,Coimbatore,188.594
2000,6,Tamil Nadu,Madurai,385.27700000000004
2000,6,Tamil Nadu,Salem,153.90200000000002
2000,6,Telangana,Nizamabad,224.35399999999998
2000,6,Uttar Pradesh,Agra,266.43
2000,6,Uttar Pradesh,Kanpur,96.67699999999999
2000,6,Uttar Pradesh,Varanasi,125.661
2000,6,West Bengal,Durgapur,278.759
2000,6,West Bengal,Howrah,133.953
2000,6,West Bengal,Kolkata,154.96800000000002
2000,6,West Bengal,Siliguri,202.508
2000,7,Bihar,Bhagalpur,44.756
2000,7,Bihar,Gaya,140.448
2000,7,Bihar,Muzaffarpur,374.906
2000,7,Bihar,Patna,133.265
2000,7,Gujarat,Ahmedabad,318.717
2000,7,Gujarat,Rajkot,20.28
2000,7,Gujarat,Surat,34.719
2000,7,Gujarat,Vadodara,13.829
2000,7,Karnataka,Hubli,370.198
2000,7,Karnataka,Mangaluru,79.983
2000,7,Karnataka,Mysuru,109.944
2000,7,Kerala,Kochi,132.113
2000,7,Kerala,Kozhikode,509.737
2000,7,Kerala,Thiruvananthapuram,80.903
2000,7,Kerala,Thrissur,104.241
2000,7,Maharashtra,Mumbai,39.717
2000,7,Maharashtra,Nashik,181.129
2000,7,Maharashtra,Pune,89.417
2000,7,Rajasthan,Jaipur,213.284
2000,7,Rajasthan,Jodhpur,124.952
2000,7,Rajasthan,Kota,348.428
2000,7,Rajasthan,Udaipur,242.536
2000,7,Tamil Nadu,Chennai,24.026
2000,7,Tamil Nadu,Madurai,335.863
2000,7,Telangana,Hyderabad,455.907
2000,7,Telangana,Karimnagar,118.032
2000,7,Telangana,Nizamabad,248.869
2000,7,Telangana,Warangal,170.543
2000,7,Uttar Pradesh,Kanpur,43.843
2000,7,Uttar Pradesh,Lucknow,193.37
2000,7,Uttar Pradesh,Varanasi,128.138
2000,7,West Bengal,Durgapur,298.40999999999997
2000,7,West Bengal,Howrah,210.82399999999998
2000,7,West Bengal,Siliguri,192.238
2000,8,Bihar,Gaya,239.28199999999998
2000,8,Bihar,Muzaffarpur,143.161
2000,8,Bihar,Patna,148.644
2000,8,Gujarat,Rajkot,94.619
2000,8,Karnataka,Bengaluru,77.61600000000001
2000,8,Karnataka,Hubli,321.941
2000,8,Karnataka,Mangaluru,79.325
2000,8,Karnataka,Mysuru,311.24
2000,8,Kerala,Kozhikode,146.70299999999997
2000,8,Kerala,Thiruvananthapuram,316.369
2000,8,Kerala,Thrissur,117.25
2000,8,Maharashtra,Mumbai,113.44399999999999
2000,8,Maharashtra,Nagpur,59.842
2000,8,Maharashtra,Nashik,375.654
2000,8,Maharashtra,Pune,107.152
2000,8,Rajasthan,Jaipur,217.827
2000,8,Rajasthan,Jodhpur,90.831
2000,8,Rajasthan,Kota,35.8
2000,8,Tamil Nadu,Chennai,128.464
2000,8,Tamil Nadu,Coimbatore,108.356
2000,8,Tamil Nadu,Madurai,380.901
2000,8,Telangana,Hyderabad,252.968
2000,8,Telangana,Karimnagar,265.278
2000,8,Telangana,Nizamabad,233.638
2000,8,Telangana,Warangal,125.39
2000,8,Uttar Pradesh,Agra,284.827
2000,8,Uttar Pradesh,Kanpur,168.284
2000,8,Uttar Pradesh,Varanasi,96.107
2000,8,West Bengal,Howrah,41.212
2000,8,West Bengal,Siliguri,43.751
2000,9,Bihar,Bhagalpur,325.44100000000003
2000,9,Bihar,Gaya,26.982
2000,9,Bihar,Muzaffarpur,42.25
2000,9,Bihar,Patna,210.587
2000,9,Gujarat,Ahmedabad,57.888
2000,9,Gujarat,Surat,134.775
2000,9,Gujarat,Vadodara,247.97
2000,9,Karnataka,Bengaluru,149.625
2000,9,Karnataka,Hubli,54.029
2000,9,Karnataka,Mangaluru,130.342
2000,9,Kerala,Kochi,141.398
2000,9,Kerala,Kozhikode,99.835
2000,9,Kerala,Thiruvananthapuram,127.231
2000,9,Kerala,Thrissur,18.575
2000,9,Maharashtra,Mumbai,91.902
2000,9,Maharashtra,Nagpur,261.062
2000,9,Maharashtra,Nashik,224.344
2000,9,Maharashtra,Pune,8.995
2000,9,Rajasthan,Jaipur,117.641
2000,9,Rajasthan,Jodhpur,117.846
2000,9,Rajasthan,Kota,345.68600000000004
2000,9,Rajasthan,Udaipur,225.84199999999998
2000,9,Tamil Nadu,Chennai,349.554
2000,9,Tamil Nadu,Coimbatore,453.867
2000,9,Tamil Nadu,Madurai,27.034
2000,9,Tamil Nadu,Salem,147.28900000000002
2000,9,Telangana,Hyderabad,261.022
2000,9,Telangana,Karimnagar,23.207
2000,9,Telangana,Warangal,176.79399999999998
2000,9,Uttar Pradesh,Agra,38.332
2000,9,Uttar Pradesh,Kanpur,44.783
2000,9,Uttar Pradesh,Lucknow,57.489
2000,9,Uttar Pradesh,Varanasi,84.34100000000001
2000,9,West Bengal,Durgapur,322.871
2000,9,West Bengal,Howrah,20.838
2000,9,West Bengal,Kolkata,184.39
2000,9,West Bengal,Siliguri,212.39499999999998
2000,10,Bihar,Bhagalpur,238.43900000000002
2000,10,Bihar,Gaya,340.49899999999997
2000,10,Bihar,Muzaffarpur,32.56
2000,10,Bihar,Patna,134.193
2000,10,Gujarat,Ahmedabad,29.073
2000,10,Gujarat,Rajkot,96.514
2000,10,Gujarat,Surat,16.301
2000,10,Gujarat,Vadodara,280.496
2000,10,Karnataka,Bengaluru,279.393
2000,10,Karnataka,Hubli,160.463
2000,10,Karnataka,Mangaluru,69.735
2000,10,Karnataka,Mysuru,182.303
2000,10,Kerala,Kozhikode,199.77999999999997
2000,10,Kerala,Thrissur,289.517
2000,10,Maharashtra,Nagpur,147.584
2000,10,Maharashtra,Nashik,50.196
2000,10,Maharashtra,Pune,175.046
2000,10,Rajasthan,Jaipur,144.267
2000,10,Rajasthan,Jodhpur,80.428
2000,10,Rajasthan,Kota,83.39
2000,10,Rajasthan,Udaipur,148.074
2000,10,Tamil Nadu,Chennai,32.663
2000,10,Tamil Nadu,Madurai,221.87800000000001
2000,10,Tamil Nadu,Salem,34.057
2000,10,Telangana,Hyderabad,116.345
2000,10,Telangana,Karimnagar,264.245
2000,10,Telangana,Nizamabad,411.154
2000,10,Telangana,Warangal,32.249
2000,10,Uttar Pradesh,Agra,103.981
2000,10,Uttar Pradesh,Kanpur,165.865
2000,10,Uttar Pradesh,Lucknow,248.73700000000002
2000,10,Uttar Pradesh,Varanasi,209.84
2000,10,West Bengal,Durgapur,140.204
2000,10,West Bengal,Howrah,82.071
2000,10,West Bengal,Kolkata,202.533
2000,11,Bihar,Bhagalpur,177.534
2000,11,Bihar,Gaya,52.884
2000,11,Gujarat,Ahmedabad,149.895
2000,11,Gujarat,Rajkot,171.508
2000,11,Gujarat,Surat,148.988
2000,11,Gujarat,Vadodara,148.905
2000,11,Karnataka,Bengaluru,99.283
2000,11,Karnataka,Hubli,148.262
2000,11,Karnataka,Mysuru,108.482
2000,11,Kerala,Kochi,53.286
2000,11,Kerala,Kozhikode,145.129
2000,11,Kerala,Thiruvananthapuram,269.631
2000,11,Kerala,Thrissur,303.604
2000,11,Maharashtra,Mumbai,165.686
2000,11,Maharashtra,Nagpur,231.631
2000,11,Rajasthan,Kota,128.502
2000,11,Rajasthan,Udaipur,58.942
2000,11,Tamil Nadu,Chennai,147.69199999999998
2000,11,Tamil Nadu,Coimbatore,181.60699999999997
2000,11,Tamil Nadu,Salem,387.279
2000,11,Telangana,Hyderabad,241.821
2000,11,Telangana,Karimnagar,235.122
2000,11,Telangana,Nizamabad,333.551
2000,11,Telangana,Warangal,371.57
2000,11,Uttar Pradesh,Agra,71.531
2000,11,Uttar Pradesh,Kanpur,130.70499999999998
2000,11,Uttar Pradesh,Lucknow,68.268
2000,11,Uttar Pradesh,Varanasi,24.111
2000,11,West Bengal,Howrah,31.293
2000,11,West Bengal,Siliguri,317.316
2000,12,Bihar,Bhagalpur,218.922
2000,12,Bihar,Gaya,52.331
2000,12,Bihar,Muzaffarpur,101.263
2000,12,Gujarat,Ahmedabad,316.26099999999997
2000,12,Gujarat,Surat,45.695
2000,12,Gujarat,Vadodara,138.613
2000,12,Karnataka,Hubli,51.714
2000,12,Karnataka,Mangaluru,113.761
2000,12,Karnataka,Mysuru,298.97900000000004
2000,12,Kerala,Kochi,78.109
2000,12,Kerala,Kozhikode,138.342
2000,12,Kerala,Thiruvananthapuram,46.234
2000,12,Maharashtra,Mumbai,62.196
2000,12,Maharashtra,Nagpur,27.456
2000,12,Maharashtra,Nashik,144.272
2000,12,Maharashtra,Pune,275.53000000000003
2000,12,Rajasthan,Jaipur,214.68599999999998
2000,12,Rajasthan,Udaipur,331.397
2000,12,Tamil Nadu,Coimbatore,237.1
2000,12,Tamil Nadu,Madurai,89.64099999999999
2000,12,Telangana,Hyderabad,193.00799999999998
2000,12,Telangana,Karimnagar,127.895
2000,12,Telangana,Nizamabad,60.31
2000,12,Uttar Pradesh,Kanpur,265.993
2000,12,Uttar Pradesh,Lucknow,88.231
2000,12,West Bengal,Durgapur,312.78
2000,12,West Bengal,Howrah,29.346
2000,12,West Bengal,Kolkata,46.25
2000,12,West Bengal,Siliguri,181.649
2001,1,Bihar,Bhagalpur,208.519
2001,1,Bihar,Gaya,21.146
2001,1,Bihar,Muzaffarpur,399.129
2001,1,Bihar,Patna,162.361
2001,1,Gujarat,Ahmedabad,146.01
2001,1,Gujarat,Surat,149.433
2001,1,Karnataka,Bengaluru,303.956
2001,1,Karnataka,Hubli,30.979
2001,1,Karnataka,Mangaluru,134.391
2001,1,Karnataka,Mysuru,49.972
2001,1,Kerala,Kochi,119.59299999999999
2001,1,Kerala,Kozhikode,250.428
2001,1,Kerala,Thiruvananthapuram,83.083
2001,1,Kerala,Thrissur,157.308
2001,1,Maharashtra,Mumbai,183.983
2001,1,Maharashtra,Nagpur,28.104
2001,1,Maharashtra,Pune,65.184
2001,1,Rajasthan,Jodhpur,103.638
2001,1,Rajasthan,Kota,77.797
2001,1,Rajasthan,Udaipur,1.69
2001,1,Tamil Nadu,Chennai,172.139
2001,1,Tamil Nadu,Madurai,229.54
2001,1,Tamil Nadu,Salem,211.027
2001,1,Telangana,Hyderabad,127.704
2001,1,Telangana,Karimnagar,134.38299999999998
2001,1,Telangana,Nizamabad,163.029
2001,1,Uttar Pradesh,Agra,71.154
2001,1,Uttar Pradesh,Kanpur,114.067
2001,1,West Bengal,Durgapur,42.727
2001,1,West Bengal,Kolkata,175.32399999999998
2001,1,West Bengal,Siliguri,59.459
2001,2,Bihar,Bhagalpur,193.511
2001,2,Bihar,Muzaffarpur,187.012
2001,2,Bihar,Patna,112.557
2001,2,Gujarat,Ahmedabad,101.513
2001,2,Gujarat,Rajkot,81.10499999999999
2001,2,Gujarat,Surat,174.965
2001,2,Gujarat,Vadodara,49.665000000000006
2001,2,Karnataka,Bengaluru,113.235
2001,2,Karnataka,Hubli,104.95700000000001
2001,2,Karnataka,Mangaluru,93.771
2001,2,Kerala,Kochi,590.8530000000001
2001,2,Kerala,Kozhikode,262.101
2001,2,Kerala,Thiruvananthapuram,38.865
2001,2,Kerala,Thrissur,97.507
2001,2,Maharashtra,Nagpur,93.496
2001,2,Maharashtra,Nashik,189.167
2001,2,Maharashtra,Pune,56.059
2001,2,Rajasthan,Jaipur,119.693
2001,2,Rajasthan,Jodhpur,560.101
2001,2,Rajasthan,Udaipur,330.012
2001,2,Tamil Nadu,Chennai,149.303
2001,2,Tamil Nadu,Coimbatore,202.061
2001,2,Tamil Nadu,Madurai,78.066
2001,2,Telangana,Hyderabad,94.93299999999999
2001,2,Telangana,Nizamabad,296.805
2001,2,Telangana,Warangal,239.776
2001,2,Uttar Pradesh,Lucknow,149.19899999999998
2001,2,Uttar Pradesh,Varanasi,24
2001,2,West Bengal,Howrah,116.356
2001,2,West Bengal,Kolkata,44.884
2001,2,West Bengal,Siliguri,134.952
2001,3,Bihar,Bhagalpur,137.55700000000002
2001,3,Bihar,Gaya,132.886
2001,3,Bihar,Muzaffarpur,170.65800000000002
2001,3,Bihar,Patna,158.4
2001,3,Gujarat,Ahmedabad,66.901
2001,3,Gujarat,Rajkot,198.62
2001,3,Gujarat,Surat,107.143
2001,3,Gujarat,Vadodara,143.978
2001,3,Karnataka,Bengaluru,127.156
2001,3,Karnataka,Hubli,190.72
2001,3,Karnataka,Mangaluru,112.287
2001,3,Karnataka,Mysuru,256.555
2001,3,Kerala,Kochi,252.65800000000002
2001,3,Kerala,Thiruvananthapuram,44.279
2001,3,Kerala,Thrissur,180.594
2001,3,Maharashtra,Mumbai,122.001
2001,3,Maharashtra,Nagpur,168.141
2001,3,Rajasthan,Jodhpur,17.818
2001,3,Rajasthan,Kota,230.713
2001,3,Rajasthan,Udaipur,22.197
2001,3,Tamil Nadu,Chennai,261.563
2001,3,Tamil Nadu,Coimbatore,465.398
2001,3,Tamil Nadu,Madurai,149.245
2001,3,Tamil Nadu,Salem,289.334
2001,3,Telangana,Hyderabad,49.964999999999996
2001,3,Telangana,Karimnagar,38.504
2001,3,Telangana,Nizamabad,242.10299999999998
2001,3,Telangana,Warangal,126.415
2001,3,Uttar Pradesh,Agra,112.432
2001,3,Uttar Pradesh,Kanpur,180.98000000000002
2001,3,Uttar Pradesh,Lucknow,10.343
2001,3,Uttar Pradesh,Varanasi,164.24
2001,3,West Bengal,Durgapur,61.001
2001,3,West Bengal,Howrah,256.584
2001,3,West Bengal,Kolkata,180.109
2001,3,West Bengal,Siliguri,173.334
2001,4,Bihar,Bhagalpur,274.344
2001,4,Bihar,Gaya,214.18
2001,4,Bihar,Patna,55.628
2001,4,Gujarat,Rajkot,173.18
2001,4,Gujarat,Surat,5.346
2001,4,Gujarat,Vadodara,206.639
2001,4,Karnataka,Hubli,403.094
2001,4,Karnataka,Mangaluru,2.291
2001,4,Karnataka,Mysuru,218.822
2001,4,Kerala,Kochi,245.112
2001,4,Kerala,Kozhikode,47.219
2001,4,Kerala,Thiruvananthapuram,60.143
2001,4,Kerala,Thrissur,213.286
2001,4,Maharashtra,Mumbai,93.231
2001,4,Maharashtra,Nagpur,172.51
2001,4,Maharashtra,Nashik,67.17099999999999
2001,4,Maharashtra,Pune,188.786
2001,4,Rajasthan,Jaipur,145.946
2001,4,Rajasthan,Jodhpur,219.453
2001,4,Rajasthan,Kota,238.628
2001,4,Rajasthan,Udaipur,269.64300000000003
2001,4,Tamil Nadu,Chennai,93.85000000000001
2001,4,Tamil Nadu,Coimbatore,334.73900000000003
2001,4,Tamil Nadu,Salem,51.229
2001,4,Telangana,Hyderabad,203.752
2001,4,Telangana,Karimnagar,18.775
2001,4,Telangana,Nizamabad,129.673
2001,4,Uttar Pradesh,Agra,85.173
2001,4,Uttar Pradesh,Kanpur,225.5
2001,4,Uttar Pradesh,Lucknow,204.30900000000003
2001,4,Uttar Pradesh,Varanasi,124.499
2001,4,West Bengal,Durgapur,41.199
2001,4,West Bengal,Howrah,122.69800000000001
2001,4,West Bengal,Kolkata,56.513
2001,4,West Bengal,Siliguri,80.632
2001,5,Bihar,Gaya,66.674
2001,5,Bihar,Patna,117.393
2001,5,Gujarat,Ahmedabad,327.879
2001,5,Gujarat,Rajkot,124.642
2001,5,Gujarat,Surat,109.311
2001,5,Gujarat,Vadodara,71.07
2001,5,Karnataka,Bengaluru,110.126
2001,5,Karnataka,Mysuru,154.23
2001,5,Kerala,Kochi,180.13799999999998
2001,5,Kerala,Kozhikode,498.396
2001,5,Kerala,Thiruvananthapuram,16.41
2001,5,Maharashtra,Mumbai,169.787
2001,5,Maharashtra,Nagpur,184.97199999999998
2001,5,Maharashtra,Nashik,43.932
2001,5,Maharashtra,Pune,177.547
2001,5,Rajasthan,Jaipur,39.311
2001,5,Rajasthan,Jodhpur,203.888
2001,5,Rajasthan,Kota,38.888
2001,5,Rajasthan,Udaipur,202.453
2001,5,Tamil Nadu,Chennai,148.275
2001,5,Tamil Nadu,Coimbatore,74.797
2001,5,Tamil Nadu,Madurai,75.754
2001,5,Tamil Nadu,Salem,20.721
2001,5,Telangana,Hyderabad,239.06900000000002
2001,5,Telangana,Karimnagar,143.055
2001,5,Telangana,Nizamabad,186.172
2001,5,Telangana,Warangal,84.07900000000001
2001,5,Uttar Pradesh,Agra,95.139
2001,5,Uttar Pradesh,Kanpur,46.119
2001,5,Uttar Pradesh,Lucknow,176.23
2001,5,Uttar Pradesh,Varanasi,95.7
2001,5,West Bengal,Durgapur,128.014
2001,5,West Bengal,Howrah,45.958
2001,5,West Bengal,Kolkata,63.449
2001,5,West Bengal,Siliguri,340.17600000000004
2001,6,Bihar,Bhagalpur,13.45
2001,6,Bihar,Gaya,149.994
2001,6,Bihar,Muzaffarpur,209.785
2001,6,Bihar,Patna,473.212
2001,6,Gujarat,Ahmedabad,391.667
2001,6,Gujarat,Surat,413.686
2001,6,Karnataka,Bengaluru,34.993
2001,6,Karnataka,Hubli,15.173
2001,6,Karnataka,Mangaluru,173.384
2001,6,Karnataka,Mysuru,148.56
2001,6,Kerala,Kochi,142.666
2001,6,Kerala,Kozhikode,45.816
2001,6,Kerala,Thiruvananthapuram,142.998
2001,6,Maharashtra,Mumbai,110.327
2001,6,Maharashtra,Nashik,131.801
2001,6,Maharashtra,Pune,186
2001,6,Rajasthan,Jaipur,6.91
2001,6,Rajasthan,Jodhpur,276.516
2001,6,Rajasthan,Udaipur,136.365
2001,6,Tamil Nadu,Chennai,123.89399999999999
2001,6,Tamil Nadu,Coimbatore,113.34899999999999
2001,6,Tamil Nadu,Salem,212.429
2001,6,Telangana,Hyderabad,204.023
2001,6,Telangana,Karimnagar,42.638
2001,6,Telangana,Nizamabad,203.699
2001,6,Telangana,Warangal,17.446
2001,6,Uttar Pradesh,Agra,100.415
2001,6,Uttar Pradesh,Lucknow,258.495
2001,6,Uttar Pradesh,Varanasi,124.644
2001,6,West Bengal,Durgapur,213.239
2001,6,West Bengal,Howrah,54.364000000000004
2001,6,West Bengal,Siliguri,94.153
2001,7,Bihar,Bhagalpur,284.513
2001,7,Bihar,Gaya,140.236
2001,7,Bihar,Muzaffarpur,143.688
2001,7,Bihar,Patna,148.883
2001,7,Gujarat,Ahmedabad,174.60199999999998
2001,7,Gujarat,Rajkot,62.17
2001,7,Gujarat,Surat,325.76800000000003
2001,7,Gujarat,Vadodara,135.266
2001,7,Karnataka,Bengaluru,169.279
2001,7,Karnataka,Hubli,121.642
2001,7,Karnataka,Mangaluru,19.95
2001,7,Karnataka,Mysuru,266.295
2001,7,Kerala,Kochi,21.947
2001,7,Kerala,Kozhikode,93.639
2001,7,Kerala,Thiruvananthapuram,229.134
2001,7,Kerala,Thrissur,381.812
2001,7,Maharashtra,Pune,224.61
2001,7,Rajasthan,Jaipur,127.894
2001,7,Rajasthan,Kota,271.342
2001,7,Rajasthan,Udaipur,135.69
2001,7,Tamil Nadu,Chennai,231.888
2001,7,Tamil Nadu,Coimbatore,195.672
2001,7,Tamil Nadu,Madurai,79.99799999999999
2001,7,Tamil Nadu,Salem,31.159
2001,7,Telangana,Hyderabad,219.293
2001,7,Telangana,Karimnagar,127.49700000000001
2001,7,Telangana,Nizamabad,276.76
2001,7,Uttar Pradesh,Agra,134.156
2001,7,Uttar Pradesh,Kanpur,298.71299999999997
2001,7,Uttar Pradesh,Lucknow,244.08300000000003
2001,7,West Bengal,Howrah,213.463
2001,7,West Bengal,Kolkata,210.868
2001,7,West Bengal,Siliguri,319.097
2001,8,Bihar,Bhagalpur,69.09
2001,8,Bihar,Gaya,263.161
2001,8,Bihar,Muzaffarpur,103.786
2001,8,Bihar,Patna,9.686
2001,8,Gujarat,Ahmedabad,51.587
2001,8,Gujarat,Rajkot,84.521
2001,8,Gujarat,Vadodara,51.818
2001,8,Karnataka,Bengaluru,521.982
2001,8,Karnataka,Mangaluru,101.744
2001,8,Kerala,Kozhikode,186.8
2001,8,Kerala,Thiruvananthapuram,320.18600000000004
2001,8,Kerala,Thrissur,243.72899999999998
2001,8,Maharashtra,Mumbai,151.31799999999998
2001,8,Maharashtra,Nagpur,239.2
2001,8,Maharashtra,Nashik,84.784
2001,8,Rajasthan,Jodhpur,91.971
2001,8,Rajasthan,Kota,139.459
2001,8,Rajasthan,Udaipur,112.11
2001,8,Tamil Nadu,Madurai,136.59
2001,8,Tamil Nadu,Salem,230.136
2001,8,Telangana,Hyderabad,333.457
2001,8,Telangana,Karimnagar,231.217
2001,8,Telangana,Nizamabad,66.104
2001,8,Telangana,Warangal,96.695
2001,8,Uttar Pradesh,Agra,315.203
2001,8,Uttar Pradesh,Kanpur,236.81900000000002
2001,8,Uttar Pradesh,Lucknow,69.037
2001,8,Uttar Pradesh,Varanasi,60.751
2001,8,West Bengal,Howrah,4.858
2001,8,West Bengal,Kolkata,83.689
2001,8,West Bengal,Siliguri,33.883
2001,9,Bihar,Bhagalpur,166.571
2001,9,Bihar,Gaya,118.582
2001,9,Bihar,Patna,60.803
2001,9,Gujarat,Ahmedabad,96.648
2001,9,Gujarat,Rajkot,293.06399999999996
2001,9,Gujarat,Vadodara,79.728
2001,9,Karnataka,Bengaluru,113.80199999999999
2001,9,Karnataka,Hubli,65.626
2001,9,Karnataka,Mysuru,413.65999999999997
2001,9,Kerala,Kochi,219.67
2001,9,Kerala,Thiruvananthapuram,142.779
2001,9,Kerala,Thrissur,283.882
2001,9,Maharashtra,Mumbai,86.959
2001,9,Maharashtra,Nashik,104.272
2001,9,Maharashtra,Pune,110.425
2001,9,Rajasthan,Jodhpur,282.307
2001,9,Rajasthan,Kota,529.431
2001,9,Rajasthan,Udaipur,158.47
2001,9,Tamil Nadu,Madurai,36.382
2001,9,Tamil Nadu,Salem,140.849
2001,9,Telangana,Karimnagar,31.729
2001,9,Telangana,Warangal,285.174
2001,9,Uttar Pradesh,Agra,38.96
2001,9,Uttar Pradesh,Varanasi,15.629000000000001
2001,9,West Bengal,Howrah,115.34800000000001
2001,9,West Bengal,Siliguri,253.53300000000002
2001,10,Bihar,Bhagalpur,116.678
2001,10,Bihar,Gaya,310.554
2001,10,Bihar,Muzaffarpur,166.672
2001,10,Bihar,Patna,255.16000000000003
2001,10,Gujarat,Ahmedabad,120.972
2001,10,Gujarat,Rajkot,167.07299999999998
2001,10,Gujarat,Surat,42.239
2001,10,Karnataka,Bengaluru,280.60900000000004
2001,10,Karnataka,Hubli,885.0989999999999
2001,10,Karnataka,Mysuru,14.049
2001,10,Kerala,Kochi,257.235
2001,10,Kerala,Kozhikode,136.629
2001,10,Kerala,Thiruvananthapuram,147.764
2001,10,Kerala,Thrissur,125.613
2001,10,Maharashtra,Mumbai,230.638
2001,10,Maharashtra,Nashik,92.56099999999999
2001,10,Maharashtra,Pune,35.965
2001,10,Rajasthan,Jaipur,286.225
2001,10,Rajasthan,Jodhpur,108.096
2001,10,Rajasthan,Kota,76.647
2001,10,Rajasthan,Udaipur,121.96
2001,10,Tamil Nadu,Chennai,88.905
2001,10,Tamil Nadu,Coimbatore,148.728
2001,10,Tamil Nadu,Madurai,179.62
2001,10,Tamil Nadu,Salem,98.299
2001,10,Telangana,Hyderabad,107.257
2001,10,Telangana,Karimnagar,136.164
2001,10,Telangana,Nizamabad,8.015
2001,10,Telangana,Warangal,116.37
2001,10,Uttar Pradesh,Agra,222.479
2001,10,Uttar Pradesh,Kanpur,145.429
2001,10,Uttar Pradesh,Lucknow,74.536
2001,10,Uttar Pradesh,Varanasi,217.591
2001,10,West Bengal,Howrah,113.357
2001,10,West Bengal,Siliguri,9.77
2001,11,Bihar,Bhagalpur,309.366
2001,11,Bihar,Gaya,3.499
2001,11,Bihar,Muzaffarpur,319.694
2001,11,Gujarat,Ahmedabad,110.341
2001,11,Gujarat,Rajkot,236.10399999999998
2001,11,Gujarat,Surat,70.687
2001,11,Gujarat,Vadodara,12.316
2001,11,Karnataka,Hubli,4.972
2001,11,Karnataka,Mysuru,129.16
2001,11,Kerala,Kochi,160.048
2001,11,Kerala,Kozhikode,0.236
2001,11,Kerala,Thiruvananthapuram,137.143
2001,11,Kerala,Thrissur,179.934
2001,11,Maharashtra,Mumbai,129.50900000000001
2001,11,Maharashtra,Nagpur,228.91400000000002
2001,11,Maharashtra,Pune,46.378
2001,11,Rajasthan,Jaipur,123.065
2001,11,Rajasthan,Jodhpur,99.479
2001,11,Rajasthan,Kota,78.197
2001,11,Rajasthan,Udaipur,129.205
2001,11,Tamil Nadu,Chennai,17.907
2001,11,Tamil Nadu,Coimbatore,165.894
2001,11,Tamil Nadu,Madurai,98.993
2001,11,Tamil Nadu,Salem,52.013
2001,11,Telangana,Karimnagar,169.549
2001,11,Telangana,Nizamabad,66.647
2001,11,Telangana,Warangal,76.585
2001,11,Uttar Pradesh,Agra,260.841
2001,11,Uttar Pradesh,Kanpur,154.88
2001,11,Uttar Pradesh,Lucknow,29.313
2001,11,Uttar Pradesh,Varanasi,350.283
2001,11,West Bengal,Durgapur,96.08
2001,11,West Bengal,Howrah,130.093
2001,11,West Bengal,Kolkata,141.294
2001,11,West Bengal,Siliguri,291.488
2001,12,Bihar,Bhagalpur,101.882
2001,12,Bihar,Muzaffarpur,199.88
2001,12,Bihar,Patna,136.467
2001,12,Gujarat,Rajkot,149.386
2001,12,Gujarat,Surat,107.941
2001,12,Gujarat,Vadodara,51.875
2001,12,Karnataka,Bengaluru,123.35
2001,12,Karnataka,Hubli,146.72400000000002
2001,12,Karnataka,Mangaluru,104.153
2001,12,Karnataka,Mysuru,222.825
2001,12,Kerala,Kochi,111.608
2001,12,Kerala,Kozhikode,284.794
2001,12,Kerala,Thiruvananthapuram,137.302
2001,12,Kerala,Thrissur,115.662
2001,12,Maharashtra,Nagpur,93.709
2001,12,Maharashtra,Nashik,235.041
2001,12,Rajasthan,Jaipur,180.277
2001,12,Rajasthan,Jodhpur,79.20400000000001
2001,12,Rajasthan,Udaipur,145.752
2001,12,Tamil Nadu,Chennai,149.832
2001,12,Tamil Nadu,Coimbatore,187.035
2001,12,Tamil Nadu,Madurai,275.247
2001,12,Tamil Nadu,Salem,130.188
2001,12,Telangana,Hyderabad,335.144
2001,12,Telangana,Karimnagar,240.228
2001,12,Telangana,Nizamabad,172.12
2001,12,Telangana,Warangal,206.748
2001,12,Uttar Pradesh,Agra,235.114
2001,12,Uttar Pradesh,Kanpur,235.901
2001,12,Uttar Pradesh,Varanasi,62.008
2001,12,West Bengal,Durgapur,39.218
2001,12,West Bengal,Howrah,230.5
2001,12,West Bengal,Kolkata,107.597
2001,12,West Bengal,Siliguri,132.345
2002,1,Bihar,Bhagalpur,90.557
2002,1,Bihar,Gaya,92.435
2002,1,Bihar,Patna,237.97
2002,1,Gujarat,Ahmedabad,381.082
2002,1,Gujarat,Rajkot,153.502
2002,1,Gujarat,Surat,102.925
2002,1,Karnataka,Bengaluru,277.128
2002,1,Karnataka,Hubli,106.539
2002,1,Karnataka,Mangaluru,50.687
2002,1,Kerala,Kochi,555.985
2002,1,Kerala,Kozhikode,207.222
2002,1,Kerala,Thiruvananthapuram,78.234
2002,1,Kerala,Thrissur,208.03300000000002
2002,1,Maharashtra,Mumbai,293.202
2002,1,Maharashtra,Nagpur,28.845
2002,1,Maharashtra,Pune,135.909
2002,1,Rajasthan,Jaipur,311.287
2002,1,Rajasthan,Kota,118.816
2002,1,Tamil Nadu,Chennai,195.35899999999998
2002,1,Tamil Nadu,Coimbatore,452.497
2002,1,Tamil Nadu,Madurai,20.91
2002,1,Tamil Nadu,Salem,394.702
2002,1,Telangana,Hyderabad,117.321
2002,1,Telangana,Karimnagar,126.826
2002,1,Telangana,Nizamabad,120.493
2002,1,Telangana,Warangal,381.884
2002,1,Uttar Pradesh,Agra,292.35999999999996
2002,1,Uttar Pradesh,Kanpur,28.542
2002,1,Uttar Pradesh,Varanasi,1.659
2002,1,West Bengal,Durgapur,73.942
2002,1,West Bengal,Kolkata,47.21
2002,1,West Bengal,Siliguri,159.768
2002,2,Bihar,Bhagalpur,77.89099999999999
2002,2,Bihar,Gaya,289.80199999999996
2002,2,Bihar,Patna,352.71500000000003
2002,2,Gujarat,Ahmedabad,116.186
2002,2,Gujarat,Rajkot,169.893
2002,2,Gujarat,Surat,89.975
2002,2,Gujarat,Vadodara,68.035
2002,2,Karnataka,Hubli,353.623
2002,2,Karnataka,Mangaluru,283.381
2002,2,Karnataka,Mysuru,69.633
2002,2,Kerala,Kochi,389.468
2002,2,Kerala,Thiruvananthapuram,152.555
2002,2,Kerala,Thrissur,134.694
2002,2,Maharashtra,Mumbai,38.629
2002,2,Maharashtra,Nagpur,184.179
2002,2,Maharashtra,Nashik,246.824
2002,2,Rajasthan,Jaipur,33.294
2002,2,Rajasthan,Jodhpur,119.46499999999999
2002,2,Rajasthan,Kota,397.74
2002,2,Rajasthan,Udaipur,99.445
2002,2,Tamil Nadu,Chennai,15.971
2002,2,Tamil Nadu,Coimbatore,131.059
2002,2,Tamil Nadu,Salem,84.943
2002,2,Telangana,Hyderabad,140.185
2002,2,Telangana,Nizamabad,47.289
2002,2,Uttar Pradesh,Agra,71.384
2002,2,Uttar Pradesh,Kanpur,147.469
2002,2,Uttar Pradesh,Lucknow,49.663
2002,2,West Bengal,Durgapur,133.381
2002,2,West Bengal,Howrah,1.852
2002,2,West Bengal,Kolkata,123.205
2002,2,West Bengal,Siliguri,58.221
2002,3,Bihar,Bhagalpur,201.22
2002,3,Bihar,Gaya,319.682
2002,3,Bihar,Muzaffarpur,151.91
2002,3,Gujarat,Ahmedabad,175.672
2002,3,Gujarat,Rajkot,113.674
2002,3,Gujarat,Surat,630.774
2002,3,Karnataka,Bengaluru,6.472
2002,3,Karnataka,Hubli,51.726
2002,3,Karnataka,Mysuru,495.38100000000003
2002,3,Kerala,Kochi,252.264
2002,3,Kerala,Thiruvananthapuram,34.303
2002,3,Kerala,Thrissur,155.469
2002,3,Maharashtra,Mumbai,134.75
2002,3,Maharashtra,Nagpur,2.71
2002,3,Maharashtra,Nashik,84.987
2002,3,Maharashtra,Pune,105.415
2002,3,Rajasthan,Jaipur,13.259
2002,3,Rajasthan,Jodhpur,147.479
2002,3,Rajasthan,Kota,318.013
2002,3,Tamil Nadu,Chennai,144.826
2002,3,Tamil Nadu,Salem,376.808
2002,3,Telangana,Hyderabad,128.404
2002,3,Telangana,Nizamabad,55.807
2002,3,Telangana,Warangal,184.196
2002,3,Uttar Pradesh,Agra,63.791
2002,3,Uttar Pradesh,Kanpur,276.25
2002,3,Uttar Pradesh,Lucknow,135.105
2002,3,Uttar Pradesh,Varanasi,128.53900000000002
2002,3,West Bengal,Durgapur,252.11599999999999
2002,3,West Bengal,Howrah,189.655
2002,3,West Bengal,Kolkata,126.128
2002,3,West Bengal,Siliguri,300.029
2002,4,Bihar,Bhagalpur,49.48
2002,4,Bihar,Gaya,156.924
2002,4,Bihar,Muzaffarpur,223.52999999999997
2002,4,Gujarat,Ahmedabad,67.179
2002,4,Gujarat,Rajkot,87.12
2002,4,Gujarat,Surat,186.23
2002,4,Gujarat,Vadodara,50.571
2002,4,Karnataka,Hubli,287.39300000000003
2002,4,Karnataka,Mangaluru,56.965
2002,4,Karnataka,Mysuru,129.683
2002,4,Kerala,Kochi,147.476
2002,4,Kerala,Kozhikode,239.846
2002,4,Kerala,Thrissur,293.00800000000004
2002,4,Maharashtra,Mumbai,234.497
2002,4,Maharashtra,Nagpur,195.487
2002,4,Maharashtra,Nashik,131.115
2002,4,Maharashtra,Pune,128.475
2002,4,Rajasthan,Jaipur,110.507
2002,4,Rajasthan,Jodhpur,218.561
2002,4,Rajasthan,Kota,283.869
2002,4,Rajasthan,Udaipur,122.384
2002,4,Tamil Nadu,Chennai,278.36
2002,4,Tamil Nadu,Coimbatore,98.27000000000001
2002,4,Tamil Nadu,Salem,214.718
2002,4,Telangana,Nizamabad,88.30499999999999
2002,4,Telangana,Warangal,225.117
2002,4,Uttar Pradesh,Kanpur,358.839
2002,4,Uttar Pradesh,Lucknow,221.597
2002,4,Uttar Pradesh,Varanasi,78.19
2002,4,West Bengal,Durgapur,60.558
2002,4,West Bengal,Kolkata,141.987
2002,4,West Bengal,Siliguri,64.223
2002,5,Bihar,Bhagalpur,127.988
2002,5,Bihar,Gaya,353.77700000000004
2002,5,Bihar,Patna,75.625
2002,5,Gujarat,Ahmedabad,179.358
2002,5,Gujarat,Rajkot,147.531
2002,5,Gujarat,Surat,206.94400000000002
2002,5,Gujarat,Vadodara,54.44
2002,5,Karnataka,Bengaluru,160.814
2002,5,Karnataka,Hubli,316.11400000000003
2002,5,Karnataka,Mysuru,225.055
2002,5,Kerala,Kochi,74.333
2002,5,Kerala,Kozhikode,254.816
2002,5,Kerala,Thiruvananthapuram,309.59400000000005
2002,5,Kerala,Thrissur,83.386
2002,5,Maharashtra,Mumbai,142.04500000000002
2002,5,Maharashtra,Nagpur,409.56600000000003
2002,5,Maharashtra,Nashik,224.875
2002,5,Rajasthan,Kota,160.432
2002,5,Rajasthan,Udaipur,50.9
2002,5,Tamil Nadu,Chennai,32.405
2002,5,Tamil Nadu,Coimbatore,31.61
2002,5,Tamil Nadu,Madurai,138.093
2002,5,Tamil Nadu,Salem,148.593
2002,5,Telangana,Hyderabad,60.516
2002,5,Telangana,Karimnagar,123.90100000000001
2002,5,Telangana,Warangal,256.225
2002,5,Uttar Pradesh,Agra,135.108
2002,5,Uttar Pradesh,Lucknow,129.62800000000001
2002,5,West Bengal,Durgapur,130.714
2002,5,West Bengal,Howrah,238.905
2002,5,West Bengal,Kolkata,277.492
2002,5,West Bengal,Siliguri,202.387
2002,6,Bihar,Bhagalpur,248.877
2002,6,Bihar,Gaya,111.03
2002,6,Gujarat,Ahmedabad,220.631
2002,6,Gujarat,Rajkot,1.286
2002,6,Gujarat,Surat,209.935
2002,6,Gujarat,Vadodara,76.175
2002,6,Karnataka,Bengaluru,220.136
2002,6,Karnataka,Hubli,99.547
2002,6,Karnataka,Mangaluru,227.688
2002,6,Karnataka,Mysuru,6.075
2002,6,Kerala,Kochi,91.445
2002,6,Kerala,Kozhikode,61.511
2002,6,Kerala,Thrissur,319.185
2002,6,Maharashtra,Mumbai,203.098
2002,6,Maharashtra,Nagpur,90.825
2002,6,Maharashtra,Nashik,81.237
2002,6,Maharashtra,Pune,121.426
2002,6,Rajasthan,Jaipur,34.035000000000004
2002,6,Rajasthan,Jodhpur,31.325
2002,6,Rajasthan,Kota,29.503
2002,6,Rajasthan,Udaipur,206.764
2002,6,Tamil Nadu,Chennai,143.025
2002,6,Tamil Nadu,Coimbatore,50.342
2002,6,Tamil Nadu,Madurai,293.299
2002,6,Tamil Nadu,Salem,242.80700000000002
2002,6,Telangana,Hyderabad,13.702
2002,6,Telangana,Karimnagar,228.91
2002,6,Telangana,Warangal,121.97
2002,6,Uttar Pradesh,Agra,25.66
2002,6,Uttar Pradesh,Kanpur,128.579
2002,6,Uttar Pradesh,Lucknow,126.137
2002,6,Uttar Pradesh,Varanasi,585.14
2002,6,West Bengal,Durgapur,94.55699999999999
2002,6,West Bengal,Howrah,198.689
2002,6,West Bengal,Siliguri,152.082
2002,7,Bihar,Bhagalpur,41.703
2002,7,Bihar,Gaya,2.501
2002,7,Bihar,Muzaffarpur,183.58100000000002
2002,7,Bihar,Patna,134.697
2002,7,Gujarat,Ahmedabad,217.20100000000002
2002,7,Gujarat,Rajkot,150.073
2002,7,Gujarat,Surat,52.049
2002,7,Gujarat,Vadodara,86.781
2002,7,Karnataka,Bengaluru,187.863
2002,7,Karnataka,Hubli,417.97
2002,7,Karnataka,Mangaluru,17.176
2002,7,Karnataka,Mysuru,472.898
2002,7,Kerala,Thrissur,492.568
2002,7,Maharashtra,Mumbai,170.64600000000002
2002,7,Maharashtra,Nagpur,140.515
2002,7,Maharashtra,Nashik,408.48900000000003
2002,7,Maharashtra,Pune,157.917
2002,7,Rajasthan,Jaipur,90.222
2002,7,Rajasthan,Jodhpur,234.542
2002,7,Rajasthan,Kota,272.228
2002,7,Tamil Nadu,Chennai,67.988
2002,7,Tamil Nadu,Coimbatore,121.221
2002,7,Tamil Nadu,Madurai,121.745
2002,7,Tamil Nadu,Salem,167.847
2002,7,Telangana,Karimnagar,136.071
2002,7,Telangana,Nizamabad,459.348
2002,7,Telangana,Warangal,139.34500000000003
2002,7,Uttar Pradesh,Kanpur,359.659
2002,7,Uttar Pradesh,Lucknow,73.572
2002,7,Uttar Pradesh,Varanasi,208.817
2002,7,West Bengal,Howrah,315.345
2002,7,West Bengal,Kolkata,72.54
2002,7,West Bengal,Siliguri,245.08100000000002
2002,8,Bihar,Bhagalpur,237.576
2002,8,Bihar,Gaya,67.268
2002,8,Bihar,Muzaffarpur,101.333
2002,8,Bihar,Patna,271.188
2002,8,Gujarat,Ahmedabad,203.713
2002,8,Gujarat,Rajkot,113.899
2002,8,Gujarat,Surat,301.606
2002,8,Karnataka,Bengaluru,73.528
2002,8,Karnataka,Hubli,117.523
2002,8,Karnataka,Mangaluru,107.722
2002,8,Kerala,Kochi,123.723
2002,8,Kerala,Kozhikode,230.534
2002,8,Kerala,Thiruvananthapuram,186.83300000000003
2002,8,Maharashtra,Mumbai,158.346
2002,8,Maharashtra,Nagpur,20.937
2002,8,Maharashtra,Nashik,208.501
2002,8,Rajasthan,Jaipur,249.964
2002,8,Rajasthan,Jodhpur,48.27
2002,8,Rajasthan,Kota,325.545
2002,8,Rajasthan,Udaipur,299.127
2002,8,Tamil Nadu,Chennai,100.105
2002,8,Tamil Nadu,Coimbatore,158.373
2002,8,Tamil Nadu,Madurai,321.257
2002,8,Tamil Nadu,Salem,126.74799999999999
2002,8,Telangana,Hyderabad,162.211
2002,8,Telangana,Karimnagar,114.35
2002,8,Telangana,Warangal,76.029
2002,8,Uttar Pradesh,Agra,259.623
2002,8,Uttar Pradesh,Kanpur,175.776
2002,8,Uttar Pradesh,Lucknow,62.855
2002,8,West Bengal,Durgapur,192.731
2002,8,West Bengal,Kolkata,110.124
2002,9,Bihar,Bhagalpur,232.278
2002,9,Bihar,Muzaffarpur,169.17600000000002
2002,9,Bihar,Patna,66.176
2002,9,Gujarat,Rajkot,90.88300000000001
2002,9,Gujarat,Surat,50.929
2002,9,Gujarat,Vadodara,202.933
2002,9,Karnataka,Bengaluru,5.015
2002,9,Karnataka,Hubli,174.346
2002,9,Karnataka,Mangaluru,84.956
2002,9,Kerala,Kochi,15.073
2002,9,Kerala,Kozhikode,66.976
2002,9,Kerala,Thiruvananthapuram,11.642
2002,9,Kerala,Thrissur,145.874
2002,9,Maharashtra,Nagpur,129.522
2002,9,Maharashtra,Nashik,234.48000000000002
2002,9,Maharashtra,Pune,170.45
2002,9,Rajasthan,Jaipur,184.627
2002,9,Rajasthan,Kota,104.794
2002,9,Rajasthan,Udaipur,18.072
2002,9,Tamil Nadu,Chennai,244.072
2002,9,Tamil Nadu,Coimbatore,133.464
2002,9,Tamil Nadu,Madurai,328.039
2002,9,Tamil Nadu,Salem,106.135
2002,9,Telangana,Hyderabad,86.07300000000001
2002,9,Telangana,Nizamabad,302.897
2002,9,Telangana,Warangal,223.54
2002,9,Uttar Pradesh,Agra,178.969
2002,9,Uttar Pradesh,Kanpur,139.962
2002,9,Uttar Pradesh,Lucknow,283.073
2002,9,Uttar Pradesh,Varanasi,152.788
2002,9,West Bengal,Durgapur,148.418
2002,9,West Bengal,Howrah,86.554
2002,9,West Bengal,Kolkata,160.097
2002,10,Bihar,Gaya,410.18
2002,10,Bihar,Muzaffarpur,238.11200000000002
2002,10,Bihar,Patna,153.225
2002,10,Gujarat,Ahmedabad,446.944
2002,10,Gujarat,Rajkot,233.017
2002,10,Gujarat,Vadodara,222.259
2002,10,Karnataka,Bengaluru,212.317
2002,10,Karnataka,Hubli,8.691
2002,10,Karnataka,Mysuru,115.83600000000001
2002,10,Kerala,Kochi,28.385
2002,10,Kerala,Kozhikode,44.93
2002,10,Kerala,Thrissur,71.571
2002,10,Maharashtra,Mumbai,207.39399999999998
2002,10,Maharashtra,Nagpur,36.549
2002,10,Maharashtra,Nashik,33.091
2002,10,Maharashtra,Pune,118.611
2002,10,Rajasthan,Jaipur,119.885
2002,10,Rajasthan,Kota,137.044
2002,10,Tamil Nadu,Chennai,161.37
2002,10,Tamil Nadu,Madurai,282.93399999999997
2002,10,Tamil Nadu,Salem,260.188
2002,10,Telangana,Karimnagar,535.8
2002,10,Telangana,Nizamabad,265.43600000000004
2002,10,Telangana,Warangal,176.321
2002,10,Uttar Pradesh,Kanpur,69.572
2002,10,Uttar Pradesh,Lucknow,177.421
2002,10,Uttar Pradesh,Varanasi,132.31
2002,10,West Bengal,Howrah,30.796
2002,10,West Bengal,Kolkata,169.464
2002,10,West Bengal,Siliguri,236.245
2002,11,Bihar,Bhagalpur,317.882
2002,11,Bihar,Gaya,109.314
2002,11,Bihar,Muzaffarpur,252.71800000000002
2002,11,Bihar,Patna,101.624
2002,11,Gujarat,Ahmedabad,224.72899999999998
2002,11,Gujarat,Rajkot,132.134
2002,11,Gujarat,Surat,83.403
2002,11,Gujarat,Vadodara,121.55699999999999
2002,11,Karnataka,Bengaluru,83.164
2002,11,Karnataka,Mangaluru,67.899
2002,11,Karnataka,Mysuru,95.198
2002,11,Kerala,Kochi,153.678
2002,11,Kerala,Kozhikode,132.849
2002,11,Kerala,Thiruvananthapuram,156.10999999999999
2002,11,Kerala,Thrissur,63.963
2002,11,Maharashtra,Nagpur,286.57
2002,11,Maharashtra,Nashik,136.267
2002,11,Maharashtra,Pune,276.97900000000004
2002,11,Rajasthan,Jodhpur,114.398
2002,11,Rajasthan,Kota,175.47000000000003
2002,11,Rajasthan,Udaipur,10.076
2002,11,Tamil Nadu,Chennai,141.204
2002,11,Tamil Nadu,Coimbatore,138.862
2002,11,Tamil Nadu,Madurai,31.564999999999998
2002,11,Telangana,Hyderabad,94.856
2002,11,Telangana,Karimnagar,52.74
2002,11,Telangana,Nizamabad,225.326
2002,11,Telangana,Warangal,102.743
2002,11,Uttar Pradesh,Agra,52.056
2002,11,Uttar Pradesh,Kanpur,135.424
2002,11,Uttar Pradesh,Lucknow,79.058
2002,11,Uttar Pradesh,Varanasi,140.618
2002,11,West Bengal,Durgapur,120.38199999999999
2002,11,West Bengal,Howrah,75.476
2002,11,West Bengal,Siliguri,195.76500000000001
2002,12,Bihar,Bhagalpur,105.59299999999999
2002,12,Bihar,Gaya,76.911
2002,12,Bihar,Muzaffarpur,154.543
2002,12,Bihar,Patna,258.406
2002,12,Gujarat,Ahmedabad,54.556
2002,12,Gujarat,Surat,304.629
2002,12,Gujarat,Vadodara,180.89600000000002
2002,12,Karnataka,Bengaluru,131.606
2002,12,Karnataka,Hubli,79.269
2002,12,Karnataka,Mangaluru,31.649
2002,12,Karnataka,Mysuru,112.45100000000001
2002,12,Kerala,Kozhikode,85.783
2002,12,Kerala,Thiruvananthapuram,125.836
2002,12,Maharashtra,Mumbai,156.963
2002,12,Maharashtra,Nagpur,9.037
2002,12,Maharashtra,Nashik,385.544
2002,12,Maharashtra,Pune,228.139
2002,12,Rajasthan,Jaipur,181.35399999999998
2002,12,Rajasthan,Jodhpur,279.719
2002,12,Rajasthan,Kota,60.081
2002,12,Rajasthan,Udaipur,104.333
2002,12,Tamil Nadu,Chennai,374.681
2002,12,Tamil Nadu,Coimbatore,81.689
2002,12,Tamil Nadu,Madurai,186.886
2002,12,Tamil Nadu,Salem,80.018
2002,12,Telangana,Hyderabad,280.48
2002,12,Telangana,Karimnagar,283.169
2002,12,Telangana,Warangal,75.74000000000001
2002,12,Uttar Pradesh,Agra,67.538
2002,12,Uttar Pradesh,Kanpur,114.156
2002,12,Uttar Pradesh,Lucknow,212.336
2002,12,Uttar Pradesh,Varanasi,199.014
2002,12,West Bengal,Durgapur,11.097
2002,12,West Bengal,Howrah,241.50300000000001
2002,12,West Bengal,Kolkata,352.743
2002,12,West Bengal,Siliguri,291.814
2003,1,Bihar,Bhagalpur,11.274
2003,1,Bihar,Gaya,172.569
2003,1,Bihar,Muzaffarpur,188.5
2003,1,Bihar,Patna,124.28299999999999
2003,1,Gujarat,Ahmedabad,93.87599999999999
2003,1,Gujarat,Rajkot,183.50099999999998
2003,1,Gujarat,Surat,114.868
2003,1,Karnataka,Mangaluru,289.604
2003,1,Kerala,Kochi,103.689
2003,1,Kerala,Thrissur,178.876
2003,1,Maharashtra,Mumbai,139.269
2003,1,Maharashtra,Nagpur,178.274
2003,1,Maharashtra,Nashik,210.779
2003,1,Rajasthan,Jaipur,123.04599999999999
2003,1,Rajasthan,Jodhpur,9.77
2003,1,Rajasthan,Kota,223.67899999999997
2003,1,Rajasthan,Udaipur,27.007
2003,1,Tamil Nadu,Chennai,555.1759999999999
2003,1,Tamil Nadu,Madurai,65.162
2003,1,Tamil Nadu,Salem,204.763
2003,1,Telangana,Hyderabad,61.147
2003,1,Telangana,Nizamabad,15.611
2003,1,Telangana,Warangal,64.757
2003,1,Uttar Pradesh,Agra,105.00699999999999
2003,1,Uttar Pradesh,Lucknow,126.675
2003,1,Uttar Pradesh,Varanasi,117.753
2003,1,West Bengal,Durgapur,144.866
2003,1,West Bengal,Howrah,49.883
2003,1,West Bengal,Siliguri,142.119
2003,2,Bihar,Bhagalpur,297.927
2003,2,Bihar,Gaya,174.79700000000003
2003,2,Bihar,Muzaffarpur,49.479
2003,2,Gujarat,Ahmedabad,90.432
2003,2,Gujarat,Rajkot,258.452
2003,2,Gujarat,Surat,243.123
2003,2,Gujarat,Vadodara,329.609
2003,2,Karnataka,Hubli,108.467
2003,2,Karnataka,Mangaluru,117.452
2003,2,Karnataka,Mysuru,306.722
2003,2,Kerala,Kochi,56.863
2003,2,Kerala,Kozhikode,22.596
2003,2,Kerala,Thiruvananthapuram,138.044
2003,2,Kerala,Thrissur,51.211
2003,2,Maharashtra,Mumbai,88.727
2003,2,Maharashtra,Nagpur,336.973
2003,2,Maharashtra,Nashik,145.011
2003,2,Maharashtra,Pune,324.815
2003,2,Rajasthan,Jaipur,86.476
2003,2,Rajasthan,Kota,140.581
2003,2,Tamil Nadu,Chennai,8.091
2003,2,Tamil Nadu,Coimbatore,9.263
2003,2,Tamil Nadu,Madurai,123.848
2003,2,Telangana,Hyderabad,157.86599999999999
2003,2,Telangana,Nizamabad,120.72200000000001
2003,2,Uttar Pradesh,Lucknow,23.691
2003,2,Uttar Pradesh,Varanasi,161.614
2003,2,West Bengal,Durgapur,59.74
2003,2,West Bengal,Howrah,22.146
2003,2,West Bengal,Siliguri,67.634
2003,3,Bihar,Bhagalpur,266.108
2003,3,Bihar,Gaya,141.26
2003,3,Bihar,Muzaffarpur,123.659
2003,3,Bihar,Patna,343.2
2003,3,Gujarat,Ahmedabad,36.856
2003,3,Karnataka,Bengaluru,6.828
2003,3,Karnataka,Hubli,133.673
2003,3,Karnataka,Mysuru,136.828
2003,3,Kerala,Thiruvananthapuram,120.922
2003,3,Maharashtra,Mumbai,37.185
2003,3,Maharashtra,Nagpur,53.436
2003,3,Maharashtra,Nashik,68.90700000000001
2003,3,Maharashtra,Pune,93.758
2003,3,Rajasthan,Jaipur,272.085
2003,3,Rajasthan,Jodhpur,107.296
2003,3,Rajasthan,Kota,508.336
2003,3,Rajasthan,Udaipur,207.958
2003,3,Tamil Nadu,Chennai,240.397
2003,3,Tamil Nadu,Madurai,358.632
2003,3,Tamil Nadu,Salem,205.18200000000002
2003,3,Telangana,Hyderabad,196.47299999999998
2003,3,Telangana,Karimnagar,54.943
2003,3,Uttar Pradesh,Kanpur,303.122
2003,3,Uttar Pradesh,Varanasi,199.361
2003,3,West Bengal,Durgapur,308.08
2003,3,West Bengal,Howrah,228.436
2003,3,West Bengal,Kolkata,184.24200000000002
2003,3,West Bengal,Siliguri,96.03
2003,4,Bihar,Bhagalpur,24.869
2003,4,Bihar,Gaya,42.578
2003,4,Bihar,Patna,400.521
2003,4,Gujarat,Ahmedabad,25.685
2003,4,Gujarat,Rajkot,2.762
2003,4,Gujarat,Surat,98.958
2003,4,Karnataka,Bengaluru,303.497
2003,4,Karnataka,Hubli,324.278
2003,4,Karnataka,Mangaluru,255.232
2003,4,Karnataka,Mysuru,7.139
2003,4,Kerala,Kochi,198.547
2003,4,Kerala,Kozhikode,144.54999999999998
2003,4,Kerala,Thiruvananthapuram,169.38299999999998
2003,4,Kerala,Thrissur,141.461
2003,4,Maharashtra,Mumbai,238.624
2003,4,Maharashtra,Pune,246.54999999999998
2003,4,Rajasthan,Jaipur,107.527
2003,4,Rajasthan,Jodhpur,261.889
2003,4,Rajasthan,Udaipur,166.297
2003,4,Tamil Nadu,Coimbatore,53.98
2003,4,Tamil Nadu,Madurai,180.086
2003,4,Tamil Nadu,Salem,348.28999999999996
2003,4,Telangana,Hyderabad,157.229
2003,4,Telangana,Karimnagar,83.679
2003,4,Telangana,Nizamabad,25.479
2003,4,Telangana,Warangal,69.16
2003,4,Uttar Pradesh,Agra,274.323
2003,4,Uttar Pradesh,Kanpur,205.223
2003,4,Uttar Pradesh,Lucknow,249.506
2003,4,Uttar Pradesh,Varanasi,212.47199999999998
2003,4,West Bengal,Durgapur,139.354
2003,4,West Bengal,Howrah,140.606
2003,4,West Bengal,Kolkata,177.754
2003,4,West Bengal,Siliguri,9.04
2003,5,Bihar,Bhagalpur,131.981
2003,5,Bihar,Gaya,290.427
2003,5,Bihar,Muzaffarpur,291.552
2003,5,Bihar,Patna,144.265
2003,5,Gujarat,Ahmedabad,133.769
2003,5,Gujarat,Rajkot,117.785
2003,5,Gujarat,Surat,225.255
2003,5,Karnataka,Hubli,250.168
2003,5,Karnataka,Mangaluru,260.368
2003,5,Kerala,Kochi,305.858
2003,5,Kerala,Kozhikode,361.666
2003,5,Kerala,Thiruvananthapuram,43.939
2003,5,Kerala,Thrissur,73.306
2003,5,Maharashtra,Nashik,120.202
2003,5,Rajasthan,Jaipur,152.06199999999998
2003,5,Rajasthan,Jodhpur,269.59
2003,5,Rajasthan,Kota,129.737
2003,5,Rajasthan,Udaipur,197.63
2003,5,Tamil Nadu,Madurai,125.174
2003,5,Tamil Nadu,Salem,144.802
2003,5,Telangana,Hyderabad,134.91500000000002
2003,5,Telangana,Karimnagar,117.71
2003,5,Telangana,Nizamabad,39.508
2003,5,Telangana,Warangal,209.453
2003,5,Uttar Pradesh,Agra,171.073
2003,5,Uttar Pradesh,Kanpur,160.293
2003,5,Uttar Pradesh,Varanasi,189.812
2003,5,West Bengal,Durgapur,7.141
2003,5,West Bengal,Howrah,47.828
2003,5,West Bengal,Kolkata,147.914
2003,5,West Bengal,Siliguri,157.683
2003,6,Bihar,Muzaffarpur,163.04500000000002
2003,6,Bihar,Patna,308.92
2003,6,Gujarat,Ahmedabad,190.603
2003,6,Gujarat,Rajkot,40.858
2003,6,Gujarat,Surat,166.632
2003,6,Gujarat,Vadodara,121.477
2003,6,Karnataka,Bengaluru,76.062
2003,6,Karnataka,Hubli,41.682
2003,6,Karnataka,Mangaluru,171.58
2003,6,Karnataka,Mysuru,36.74
2003,6,Kerala,Kochi,103.461
2003,6,Kerala,Kozhikode,124.032
2003,6,Kerala,Thiruvananthapuram,183.876
2003,6,Kerala,Thrissur,264.64300000000003
2003,6,Maharashtra,Mumbai,62.387
2003,6,Maharashtra,Nagpur,95.638
2003,6,Maharashtra,Pune,138.203
2003,6,Rajasthan,Jaipur,275.32500000000005
2003,6,Rajasthan,Kota,170.04899999999998
2003,6,Rajasthan,Udaipur,14.192
2003,6,Tamil Nadu,Chennai,132.136
2003,6,Tamil Nadu,Coimbatore,161.277
2003,6,Tamil Nadu,Madurai,62.114
2003,6,Tamil Nadu,Salem,180.313
2003,6,Telangana,Hyderabad,199.038
2003,6,Telangana,Karimnagar,173.35500000000002
2003,6,Telangana,Nizamabad,263.81
2003,6,Uttar Pradesh,Agra,197.58100000000002
2003,6,Uttar Pradesh,Kanpur,189.57
2003,6,Uttar Pradesh,Lucknow,46.184
2003,6,Uttar Pradesh,Varanasi,96.419
2003,6,West Bengal,Durgapur,104.444
2003,6,West Bengal,Siliguri,126.145
2003,7,Bihar,Bhagalpur,166.524
2003,7,Bihar,Gaya,83.483
2003,7,Bihar,Muzaffarpur,177.157
2003,7,Gujarat,Ahmedabad,143.356
2003,7,Gujarat,Rajkot,94.345
2003,7,Gujarat,Vadodara,440.37800000000004
2003,7,Karnataka,Bengaluru,159.567
2003,7,Karnataka,Mangaluru,170.72799999999998
2003,7,Karnataka,Mysuru,89.883
2003,7,Kerala,Kochi,285.153
2003,7,Kerala,Kozhikode,261.40700000000004
2003,7,Kerala,Thiruvananthapuram,179.26
2003,7,Kerala,Thrissur,73.504
2003,7,Maharashtra,Mumbai,117.14500000000001
2003,7,Maharashtra,Nagpur,107.503
2003,7,Maharashtra,Nashik,295.907
2003,7,Maharashtra,Pune,112.78
2003,7,Rajasthan,Jaipur,82.343
2003,7,Rajasthan,Jodhpur,396.113
2003,7,Rajasthan,Kota,216.163
2003,7,Rajasthan,Udaipur,59.796
2003,7,Tamil Nadu,Chennai,347.105
2003,7,Tamil Nadu,Coimbatore,147.148
2003,7,Tamil Nadu,Salem,117.39000000000001
2003,7,Telangana,Hyderabad,50.289
2003,7,Telangana,Karimnagar,265.397
2003,7,Telangana,Nizamabad,230.731
2003,7,Telangana,Warangal,486.83
2003,7,Uttar Pradesh,Kanpur,7.158
2003,7,Uttar Pradesh,Varanasi,174.442
2003,7,West Bengal,Durgapur,212.86399999999998
2003,7,West Bengal,Howrah,295.021
2003,7,West Bengal,Kolkata,57.56
2003,7,West Bengal,Siliguri,271.01800000000003
2003,8,Bihar,Bhagalpur,110.284
2003,8,Bihar,Muzaffarpur,99.75999999999999
2003,8,Bihar,Patna,15.855
2003,8,Gujarat,Ahmedabad,253.413
2003,8,Gujarat,Rajkot,112.068
2003,8,Gujarat,Vadodara,129.74
2003,8,Karnataka,Bengaluru,115.572
2003,8,Karnataka,Hubli,136.036
2003,8,Karnataka,Mysuru,154.292
2003,8,Kerala,Kochi,84.757
2003,8,Kerala,Kozhikode,117.978
2003,8,Maharashtra,Mumbai,57.582
2003,8,Maharashtra,Nashik,207.902
2003,8,Maharashtra,Pune,108.417
2003,8,Rajasthan,Jaipur,37.955
2003,8,Rajasthan,Jodhpur,246.481
2003,8,Rajasthan,Udaipur,68.379
2003,8,Tamil Nadu,Chennai,279.279
2003,8,Tamil Nadu,Coimbatore,114.307
2003,8,Tamil Nadu,Salem,13.864
2003,8,Telangana,Hyderabad,166.26
2003,8,Telangana,Karimnagar,4.8
2003,8,Telangana,Nizamabad,117.678
2003,8,Telangana,Warangal,181.19400000000002
2003,8,Uttar Pradesh,Agra,299.873
2003,8,Uttar Pradesh,Lucknow,251.714
2003,8,Uttar Pradesh,Varanasi,58.464
2003,8,West Bengal,Durgapur,193.906
2003,8,West Bengal,Howrah,19.115
2003,8,West Bengal,Kolkata,14.372
2003,8,West Bengal,Siliguri,64.342
2003,9,Bihar,Gaya,123.511
2003,9,Bihar,Muzaffarpur,278.703
2003,9,Bihar,Patna,3.199
2003,9,Gujarat,Ahmedabad,344.531
2003,9,Gujarat,Rajkot,103.779
2003,9,Gujarat,Surat,33.858
2003,9,Karnataka,Bengaluru,217.51500000000001
2003,9,Karnataka,Hubli,59.065
2003,9,Karnataka,Mysuru,267.911
2003,9,Kerala,Kochi,239.125
2003,9,Kerala,Thiruvananthapuram,53.676
2003,9,Kerala,Thrissur,445.378
2003,9,Maharashtra,Mumbai,377.637
2003,9,Maharashtra,Nagpur,91.236
2003,9,Rajasthan,Jaipur,500.138
2003,9,Rajasthan,Jodhpur,128.539
2003,9,Rajasthan,Kota,258.73
2003,9,Rajasthan,Udaipur,171.311
2003,9,Tamil Nadu,Chennai,57.568
2003,9,Tamil Nadu,Coimbatore,71.077
2003,9,Tamil Nadu,Salem,305.75600000000003
2003,9,Telangana,Hyderabad,236.055
2003,9,Telangana,Karimnagar,5.831
2003,9,Telangana,Nizamabad,13.003
2003,9,Telangana,Warangal,69.039
2003,9,Uttar Pradesh,Agra,59.596
2003,9,Uttar Pradesh,Kanpur,322.09799999999996
2003,9,Uttar Pradesh,Lucknow,114.045
2003,9,Uttar Pradesh,Varanasi,117.481
2003,9,West Bengal,Durgapur,176.368
2003,9,West Bengal,Howrah,30.913
2003,9,West Bengal,Kolkata,28.493
2003,9,West Bengal,Siliguri,64.397
2003,10,Bihar,Bhagalpur,273.411
2003,10,Bihar,Gaya,129.356
2003,10,Bihar,Muzaffarpur,288.621
2003,10,Bihar,Patna,107.49199999999999
2003,10,Gujarat,Ahmedabad,132.35
2003,10,Gujarat,Rajkot,8.247
2003,10,Gujarat,Surat,118.656
2003,10,Gujarat,Vadodara,304.473
2003,10,Karnataka,Bengaluru,163.585
2003,10,Karnataka,Hubli,186.52800000000002
2003,10,Karnataka,Mangaluru,139.964
2003,10,Karnataka,Mysuru,161.708
2003,10,Kerala,Kochi,473.496
2003,10,Kerala,Thiruvananthapuram,96.108
2003,10,Kerala,Thrissur,316.52
2003,10,Maharashtra,Mumbai,80.558
2003,10,Maharashtra,Nagpur,247.03300000000002
2003,10,Maharashtra,Pune,90.079
2003,10,Rajasthan,Jodhpur,137.77100000000002
2003,10,Rajasthan,Kota,148.447
2003,10,Rajasthan,Udaipur,423.577
2003,10,Tamil Nadu,Madurai,150.005
2003,10,Tamil Nadu,Salem,43.1
2003,10,Telangana,Hyderabad,162.23200000000003
2003,10,Telangana,Karimnagar,160.444
2003,10,Telangana,Nizamabad,211.406
2003,10,Telangana,Warangal,94.66
2003,10,Uttar Pradesh,Kanpur,110.483
2003,10,Uttar Pradesh,Varanasi,236.72
2003,10,West Bengal,Durgapur,138.885
2003,11,Bihar,Bhagalpur,71.683
2003,11,Bihar,Patna,75.66
2003,11,Gujarat,Ahmedabad,126.155
2003,11,Gujarat,Rajkot,105.003
2003,11,Gujarat,Surat,135.226
2003,11,Gujarat,Vadodara,141.893
2003,11,Karnataka,Mysuru,280.078
2003,11,Kerala,Kozhikode,190.74
2003,11,Kerala,Thiruvananthapuram,433.637
2003,11,Kerala,Thrissur,134.923
2003,11,Maharashtra,Mumbai,52.075
2003,11,Maharashtra,Nagpur,188.858
2003,11,Maharashtra,Nashik,149.928
2003,11,Maharashtra,Pune,283.032
2003,11,Rajasthan,Jaipur,131.973
2003,11,Rajasthan,Udaipur,43.379000000000005
2003,11,Tamil Nadu,Chennai,91.869
2003,11,Tamil Nadu,Coimbatore,70.59
2003,11,Tamil Nadu,Madurai,53.827
2003,11,Tamil Nadu,Salem,117.672
2003,11,Telangana,Hyderabad,17.168
2003,11,Telangana,Karimnagar,32.722
2003,11,Uttar Pradesh,Agra,148.886
2003,11,Uttar Pradesh,Kanpur,49.352000000000004
2003,11,Uttar Pradesh,Lucknow,134.755
2003,11,Uttar Pradesh,Varanasi,48.64
2003,11,West Bengal,Howrah,118.55900000000001
2003,11,West Bengal,Kolkata,52.205
2003,12,Bihar,Muzaffarpur,299.545
2003,12,Bihar,Patna,74.863
2003,12,Gujarat,Ahmedabad,71.453
2003,12,Gujarat,Rajkot,192.57
2003,12,Gujarat,Surat,18.459
2003,12,Karnataka,Bengaluru,146.316
2003,12,Karnataka,Hubli,200.243
2003,12,Karnataka,Mangaluru,56.478
2003,12,Karnataka,Mysuru,194.617
2003,12,Kerala,Thiruvananthapuram,83.996
2003,12,Kerala,Thrissur,439.81899999999996
2003,12,Maharashtra,Nagpur,147.735
2003,12,Maharashtra,Nashik,85.595
2003,12,Rajasthan,Jodhpur,140.681
2003,12,Rajasthan,Kota,129.028
2003,12,Rajasthan,Udaipur,121.637
2003,12,Tamil Nadu,Chennai,113.502
2003,12,Tamil Nadu,Coimbatore,26.114
2003,12,Tamil Nadu,Madurai,66.559
2003,12,Tamil Nadu,Salem,128.314
2003,12,Telangana,Nizamabad,155.159
2003,12,Uttar Pradesh,Kanpur,5.229
2003,12,Uttar Pradesh,Lucknow,217.075
2003,12,Uttar Pradesh,Varanasi,181.461
2003,12,West Bengal,Durgapur,163.978
2003,12,West Bengal,Howrah,269.006
2003,12,West Bengal,Kolkata,14.383
2004,1,Bihar,Bhagalpur,109.42
2004,1,Bihar,Muzaffarpur,62.809
2004,1,Bihar,Patna,69.453
2004,1,Gujarat,Ahmedabad,238.48200000000003
2004,1,Gujarat,Rajkot,25.061
2004,1,Gujarat,Surat,87.285
2004,1,Karnataka,Bengaluru,49.146
2004,1,Karnataka,Hubli,16.349
2004,1,Karnataka,Mangaluru,144.266
2004,1,Karnataka,Mysuru,128.809
2004,1,Kerala,Kochi,57.452
2004,1,Kerala,Kozhikode,170.911
2004,1,Kerala,Thiruvananthapuram,311.67
2004,1,Kerala,Thrissur,252.084
2004,1,Maharashtra,Mumbai,114.14999999999999
2004,1,Maharashtra,Nagpur,82.30799999999999
2004,1,Maharashtra,Nashik,273.829
2004,1,Maharashtra,Pune,135.869
2004,1,Rajasthan,Jaipur,128.748
2004,1,Rajasthan,Jodhpur,102.75999999999999
2004,1,Tamil Nadu,Chennai,169.488
2004,1,Tamil Nadu,Coimbatore,10.631
2004,1,Tamil Nadu,Madurai,55.173
2004,1,Tamil Nadu,Salem,22.907
2004,1,Telangana,Karimnagar,282.818
2004,1,Telangana,Nizamabad,145.098
2004,1,Telangana,Warangal,1.313
2004,1,Uttar Pradesh,Agra,271.484
2004,1,Uttar Pradesh,Varanasi,211.228
2004,1,West Bengal,Howrah,192.866
2004,1,West Bengal,Siliguri,184.273
2004,2,Bihar,Bhagalpur,15.802
2004,2,Bihar,Gaya,240.424
2004,2,Bihar,Muzaffarpur,125.767
2004,2,Gujarat,Ahmedabad,114.762
2004,2,Gujarat,Surat,164.175
2004,2,Gujarat,Vadodara,54.781
2004,2,Karnataka,Bengaluru,74.562
2004,2,Karnataka,Hubli,290.353
2004,2,Karnataka,Mysuru,201.14999999999998
2004,2,Kerala,Kochi,38.872
2004,2,Kerala,Kozhikode,116.832
2004,2,Kerala,Thiruvananthapuram,169.309
2004,2,Kerala,Thrissur,2.139
2004,2,Maharashtra,Mumbai,201.50799999999998
2004,2,Maharashtra,Nagpur,66.484
2004,2,Maharashtra,Nashik,94.90199999999999
2004,2,Maharashtra,Pune,115.467
2004,2,Rajasthan,Jaipur,31.563000000000002
2004,2,Rajasthan,Jodhpur,32.412
2004,2,Rajasthan,Udaipur,146.17700000000002
2004,2,Tamil Nadu,Chennai,26.573999999999998
2004,2,Tamil Nadu,Coimbatore,101.303
2004,2,Tamil Nadu,Madurai,140.344
2004,2,Tamil Nadu,Salem,340.94
2004,2,Telangana,Hyderabad,84.116
2004,2,Telangana,Nizamabad,76.587
2004,2,Telangana,Warangal,300.374
2004,2,Uttar Pradesh,Agra,87.548
2004,2,Uttar Pradesh,Kanpur,235.961
2004,2,West Bengal,Durgapur,40.62
2004,2,West Bengal,Howrah,33.114999999999995
2004,2,West Bengal,Kolkata,49.835
2004,2,West Bengal,Siliguri,59.311
2004,3,Bihar,Bhagalpur,135.664
2004,3,Bihar,Gaya,217.587
2004,3,Bihar,Muzaffarpur,125
2004,3,Bihar,Patna,74.232
2004,3,Gujarat,Ahmedabad,129.106
2004,3,Gujarat,Rajkot,1.144
2004,3,Gujarat,Surat,226.00099999999998
2004,3,Karnataka,Bengaluru,35.18
2004,3,Karnataka,Hubli,94.618
2004,3,Karnataka,Mangaluru,115.895
2004,3,Karnataka,Mysuru,184.71800000000002
2004,3,Kerala,Kochi,100.001
2004,3,Kerala,Kozhikode,148.436
2004,3,Kerala,Thiruvananthapuram,192.894
2004,3,Kerala,Thrissur,177.011
2004,3,Maharashtra,Nagpur,70.733
2004,3,Maharashtra,Nashik,64.924
2004,3,Maharashtra,Pune,153.502
2004,3,Rajasthan,Jaipur,141.255
2004,3,Rajasthan,Jodhpur,61.57
2004,3,Rajasthan,Kota,142.369
2004,3,Rajasthan,Udaipur,159.662
2004,3,Tamil Nadu,Chennai,117.713
2004,3,Tamil Nadu,Coimbatore,264.805
2004,3,Tamil Nadu,Madurai,292.31100000000004
2004,3,Tamil Nadu,Salem,18.027
2004,3,Telangana,Hyderabad,177.862
2004,3,Telangana,Nizamabad,126.993
2004,3,Telangana,Warangal,149.609
2004,3,Uttar Pradesh,Agra,219.755
2004,3,Uttar Pradesh,Lucknow,115.41
2004,3,Uttar Pradesh,Varanasi,191.4
2004,3,West Bengal,Howrah,593.047
2004,3,West Bengal,Kolkata,153.25
2004,3,West Bengal,Siliguri,100.985
2004,4,Bihar,Bhagalpur,17.253
2004,4,Bihar,Gaya,21.297
2004,4,Bihar,Muzaffarpur,139.99200000000002
2004,4,Bihar,Patna,190.084
2004,4,Gujarat,Ahmedabad,124.232
2004,4,Gujarat,Rajkot,228.31599999999997
2004,4,Gujarat,Surat,29.13
2004,4,Gujarat,Vadodara,149.367
2004,4,Karnataka,Bengaluru,138.73
2004,4,Karnataka,Mangaluru,402.137
2004,4,Karnataka,Mysuru,139.258
2004,4,Kerala,Kochi,292.245
2004,4,Kerala,Thiruvananthapuram,149.366
2004,4,Kerala,Thrissur,206.808
2004,4,Maharashtra,Mumbai,307.669
2004,4,Maharashtra,Nashik,139.5
2004,4,Rajasthan,Jaipur,245.005
2004,4,Rajasthan,Jodhpur,64.39
2004,4,Rajasthan,Kota,117.19
2004,4,Rajasthan,Udaipur,213.733
2004,4,Tamil Nadu,Coimbatore,257.677
2004,4,Tamil Nadu,Salem,141.752
2004,4,Telangana,Hyderabad,100.551
2004,4,Telangana,Karimnagar,222.04
2004,4,Telangana,Nizamabad,18.978
2004,4,Telangana,Warangal,175.665
2004,4,Uttar Pradesh,Agra,244.92000000000002
2004,4,Uttar Pradesh,Kanpur,9.708
2004,4,Uttar Pradesh,Varanasi,387.632
2004,4,West Bengal,Durgapur,322.1
2004,4,West Bengal,Howrah,251.078
2004,4,West Bengal,Kolkata,75.01
2004,4,West Bengal,Siliguri,281.404
2004,5,Bihar,Bhagalpur,315.879
2004,5,Bihar,Gaya,46.989
2004,5,Bihar,Muzaffarpur,432.255
2004,5,Bihar,Patna,174.59199999999998
2004,5,Gujarat,Ahmedabad,114.998
2004,5,Gujarat,Surat,324.025
2004,5,Karnataka,Bengaluru,178.49399999999997
2004,5,Karnataka,Hubli,134.471
2004,5,Karnataka,Mangaluru,86.19200000000001
2004,5,Karnataka,Mysuru,128.514
2004,5,Kerala,Kochi,178.92700000000002
2004,5,Kerala,Kozhikode,75.239
2004,5,Kerala,Thiruvananthapuram,167.665
2004,5,Maharashtra,Mumbai,112.053
2004,5,Maharashtra,Nagpur,107.808
2004,5,Maharashtra,Nashik,70.183
2004,5,Maharashtra,Pune,184.484
2004,5,Rajasthan,Jaipur,96.772
2004,5,Rajasthan,Jodhpur,61.628
2004,5,Rajasthan,Kota,109.82
2004,5,Rajasthan,Udaipur,29.047
2004,5,Tamil Nadu,Chennai,12.049
2004,5,Tamil Nadu,Salem,443.382
2004,5,Telangana,Hyderabad,127.976
2004,5,Telangana,Karimnagar,109.896
2004,5,Telangana,Nizamabad,101.023
2004,5,Telangana,Warangal,116.67800000000001
2004,5,Uttar Pradesh,Kanpur,227.418
2004,5,Uttar Pradesh,Varanasi,52.486
2004,5,West Bengal,Durgapur,294.228
2004,5,West Bengal,Howrah,217.228
2004,5,West Bengal,Siliguri,221.486
2004,6,Bihar,Bhagalpur,81.138
2004,6,Bihar,Gaya,167.377
2004,6,Bihar,Patna,129.672
2004,6,Gujarat,Ahmedabad,94.881
2004,6,Gujarat,Surat,5.715
2004,6,Gujarat,Vadodara,108.133
2004,6,Karnataka,Bengaluru,192.135
2004,6,Karnataka,Hubli,93.735
2004,6,Karnataka,Mangaluru,100.409
2004,6,Karnataka,Mysuru,122.923
2004,6,Kerala,Kozhikode,94.852
2004,6,Kerala,Thiruvananthapuram,290.904
2004,6,Kerala,Thrissur,2.639
2004,6,Maharashtra,Mumbai,229.581
2004,6,Maharashtra,Nashik,137.828
2004,6,Rajasthan,Jaipur,49.421
2004,6,Rajasthan,Jodhpur,206.664
2004,6,Rajasthan,Kota,153.594
2004,6,Rajasthan,Udaipur,220.191
2004,6,Tamil Nadu,Coimbatore,200.894
2004,6,Tamil Nadu,Madurai,316.228
2004,6,Telangana,Hyderabad,186.265
2004,6,Telangana,Karimnagar,120.369
2004,6,Telangana,Nizamabad,226.288
2004,6,Telangana,Warangal,109.786
2004,6,Uttar Pradesh,Agra,160.186
2004,6,Uttar Pradesh,Kanpur,32.083
2004,6,Uttar Pradesh,Lucknow,174.675
2004,6,West Bengal,Durgapur,137.737
2004,6,West Bengal,Kolkata,105.745
2004,6,West Bengal,Siliguri,55.024
2004,7,Bihar,Bhagalpur,80.746
2004,7,Bihar,Gaya,223.422
2004,7,Bihar,Muzaffarpur,54.877
2004,7,Gujarat,Ahmedabad,78.84700000000001
2004,7,Gujarat,Rajkot,148.836
2004,7,Gujarat,Surat,193.46499999999997
2004,7,Karnataka,Bengaluru,191.5
2004,7,Karnataka,Mangaluru,165.38400000000001
2004,7,Karnataka,Mysuru,111.744
2004,7,Kerala,Kozhikode,91.452
2004,7,Kerala,Thiruvananthapuram,255.683
2004,7,Kerala,Thrissur,116.55
2004,7,Maharashtra,Mumbai,237.56199999999998
2004,7,Maharashtra,Nagpur,20.209999999999997
2004,7,Maharashtra,Nashik,34.007
2004,7,Maharashtra,Pune,456.049
2004,7,Rajasthan,Jaipur,114.384
2004,7,Rajasthan,Jodhpur,37.585
2004,7,Rajasthan,Kota,187.072
2004,7,Rajasthan,Udaipur,406.452
2004,7,Tamil Nadu,Chennai,138.348
2004,7,Tamil Nadu,Coimbatore,273.638
2004,7,Tamil Nadu,Madurai,36.998
2004,7,Tamil Nadu,Salem,371.294
2004,7,Telangana,Hyderabad,508.148
2004,7,Telangana,Karimnagar,51.892
2004,7,Telangana,Nizamabad,105.186
2004,7,Telangana,Warangal,317.739
2004,7,Uttar Pradesh,Agra,171.599
2004,7,Uttar Pradesh,Lucknow,139.214
2004,7,Uttar Pradesh,Varanasi,65.281
2004,7,West Bengal,Durgapur,126.007
2004,7,West Bengal,Howrah,114.04
2004,7,West Bengal,Kolkata,307.849
2004,7,West Bengal,Siliguri,258.125
2004,8,Bihar,Bhagalpur,40.697
2004,8,Bihar,Gaya,59.185
2004,8,Bihar,Muzaffarpur,235.578
2004,8,Bihar,Patna,123.496
2004,8,Gujarat,Ahmedabad,200.928
2004,8,Gujarat,Rajkot,158.92000000000002
2004,8,Gujarat,Vadodara,128.565
2004,8,Karnataka,Bengaluru,135.793
2004,8,Karnataka,Hubli,67.128
2004,8,Karnataka,Mangaluru,88.58
2004,8,Kerala,Kochi,147.555
2004,8,Kerala,Kozhikode,260.459
2004,8,Kerala,Thrissur,73.312
2004,8,Maharashtra,Mumbai,400.32300000000004
2004,8,Maharashtra,Nashik,346.91
2004,8,Rajasthan,Jaipur,283.068
2004,8,Rajasthan,Jodhpur,181.587
2004,8,Rajasthan,Kota,144.69
2004,8,Rajasthan,Udaipur,205.08499999999998
2004,8,Tamil Nadu,Chennai,170.068
2004,8,Tamil Nadu,Coimbatore,20.208
2004,8,Tamil Nadu,Madurai,140.398
2004,8,Tamil Nadu,Salem,617.522
2004,8,Telangana,Hyderabad,166.585
2004,8,Telangana,Karimnagar,42.186
2004,8,Telangana,Nizamabad,181.29500000000002
2004,8,Telangana,Warangal,50.94
2004,8,Uttar Pradesh,Varanasi,137.558
2004,8,West Bengal,Howrah,83.284
2004,8,West Bengal,Siliguri,453.437
2004,9,Bihar,Bhagalpur,7.409
2004,9,Bihar,Gaya,74.792
2004,9,Bihar,Muzaffarpur,208.728
2004,9,Gujarat,Rajkot,82.901
2004,9,Gujarat,Surat,117.897
2004,9,Gujarat,Vadodara,397.73900000000003
2004,9,Karnataka,Bengaluru,154.58100000000002
2004,9,Karnataka,Hubli,223.092
2004,9,Karnataka,Mangaluru,36.573
2004,9,Kerala,Kochi,333.12899999999996
2004,9,Kerala,Kozhikode,57.062
2004,9,Kerala,Thiruvananthapuram,209.709
2004,9,Kerala,Thrissur,476.947
2004,9,Maharashtra,Mumbai,93.039
2004,9,Maharashtra,Nagpur,119.453
2004,9,Maharashtra,Nashik,136.083
2004,9,Maharashtra,Pune,4.103
2004,9,Rajasthan,Jaipur,278.475
2004,9,Rajasthan,Jodhpur,254.458
2004,9,Rajasthan,Kota,77.661
2004,9,Tamil Nadu,Chennai,145.404
2004,9,Tamil Nadu,Coimbatore,292.257
2004,9,Tamil Nadu,Madurai,311.226
2004,9,Tamil Nadu,Salem,103.198
2004,9,Telangana,Hyderabad,137.441
2004,9,Telangana,Nizamabad,248.041
2004,9,Telangana,Warangal,129.056
2004,9,Uttar Pradesh,Agra,172.99599999999998
2004,9,Uttar Pradesh,Varanasi,132.924
2004,9,West Bengal,Durgapur,72.479
2004,9,West Bengal,Howrah,9.761
2004,9,West Bengal,Kolkata,323.136
2004,10,Bihar,Gaya,164.469
2004,10,Bihar,Muzaffarpur,334.455
2004,10,Bihar,Patna,282.361
2004,10,Gujarat,Ahmedabad,40.2
2004,10,Gujarat,Rajkot,141.991
2004,10,Gujarat,Surat,93.19800000000001
2004,10,Gujarat,Vadodara,75.508
2004,10,Karnataka,Bengaluru,120.38900000000001
2004,10,Karnataka,Hubli,170.358
2004,10,Karnataka,Mangaluru,102.655
2004,10,Karnataka,Mysuru,8.077
2004,10,Kerala,Kochi,43.231
2004,10,Kerala,Kozhikode,39.348
2004,10,Kerala,Thiruvananthapuram,367.879
2004,10,Kerala,Thrissur,118.787
2004,10,Maharashtra,Mumbai,344.741
2004,10,Maharashtra,Pune,249.392
2004,10,Rajasthan,Kota,285.414
2004,10,Rajasthan,Udaipur,80.948
2004,10,Tamil Nadu,Chennai,413.817
2004,10,Tamil Nadu,Coimbatore,90.166
2004,10,Tamil Nadu,Madurai,259.141
2004,10,Tamil Nadu,Salem,457.63800000000003
2004,10,Telangana,Hyderabad,135.96
2004,10,Telangana,Karimnagar,94.68599999999999
2004,10,Telangana,Nizamabad,56.498
2004,10,Telangana,Warangal,287.525
2004,10,Uttar Pradesh,Agra,69.422
2004,10,Uttar Pradesh,Kanpur,30.432
2004,10,Uttar Pradesh,Lucknow,89.824
2004,10,Uttar Pradesh,Varanasi,23.133
2004,10,West Bengal,Durgapur,142.882
2004,10,West Bengal,Howrah,62.487
2004,10,West Bengal,Kolkata,145.656
2004,10,West Bengal,Siliguri,346.557
2004,11,Bihar,Bhagalpur,305.778
2004,11,Bihar,Gaya,27.662
2004,11,Bihar,Muzaffarpur,126.412
2004,11,Bihar,Patna,153.921
2004,11,Gujarat,Rajkot,96.549
2004,11,Gujarat,Surat,47.765
2004,11,Gujarat,Vadodara,272.095
2004,11,Karnataka,Bengaluru,50.883
2004,11,Karnataka,Hubli,116.92
2004,11,Karnataka,Mangaluru,342.742
2004,11,Kerala,Kochi,58.178
2004,11,Kerala,Kozhikode,241.433
2004,11,Kerala,Thiruvananthapuram,74.563
2004,11,Kerala,Thrissur,325.98900000000003
2004,11,Maharashtra,Mumbai,33.148
2004,11,Maharashtra,Nagpur,93.839
2004,11,Maharashtra,Nashik,154.485
2004,11,Rajasthan,Jaipur,217.067
2004,11,Rajasthan,Jodhpur,72.69
2004,11,Rajasthan,Kota,12.469
2004,11,Rajasthan,Udaipur,5.196
2004,11,Tamil Nadu,Chennai,297.124
2004,11,Tamil Nadu,Coimbatore,461.222
2004,11,Tamil Nadu,Madurai,140.849
2004,11,Tamil Nadu,Salem,37.29
2004,11,Telangana,Hyderabad,156.664
2004,11,Telangana,Karimnagar,61.204
2004,11,Telangana,Nizamabad,127.073
2004,11,Uttar Pradesh,Agra,206.02499999999998
2004,11,Uttar Pradesh,Kanpur,93.026
2004,11,Uttar Pradesh,Lucknow,17.958
2004,11,Uttar Pradesh,Varanasi,4.99
2004,11,West Bengal,Howrah,41.189
2004,11,West Bengal,Kolkata,119.909
2004,11,West Bengal,Siliguri,266.98900000000003
2004,12,Bihar,Bhagalpur,1.663
2004,12,Bihar,Gaya,91.638
2004,12,Bihar,Muzaffarpur,277.592
2004,12,Bihar,Patna,82.672
2004,12,Gujarat,Rajkot,263.571
2004,12,Gujarat,Surat,10.723
2004,12,Gujarat,Vadodara,30.112
2004,12,Karnataka,Bengaluru,521.966
2004,12,Karnataka,Hubli,147.922
2004,12,Karnataka,Mangaluru,357.199
2004,12,Karnataka,Mysuru,141.55
2004,12,Kerala,Kozhikode,86.472
2004,12,Kerala,Thiruvananthapuram,115.116
2004,12,Maharashtra,Nashik,264.531
2004,12,Maharashtra,Pune,133.983
2004,12,Rajasthan,Jaipur,132.87
2004,12,Rajasthan,Jodhpur,252.103
2004,12,Rajasthan,Udaipur,194.089
2004,12,Tamil Nadu,Chennai,106.953
2004,12,Tamil Nadu,Coimbatore,116.108
2004,12,Tamil Nadu,Madurai,17.615
2004,12,Tamil Nadu,Salem,69.643
2004,12,Telangana,Karimnagar,76.42
2004,12,Telangana,Nizamabad,74.936
2004,12,Telangana,Warangal,143.421
2004,12,Uttar Pradesh,Agra,125.208
2004,12,Uttar Pradesh,Kanpur,399.837
2004,12,Uttar Pradesh,Lucknow,168.13
2004,12,Uttar Pradesh,Varanasi,264.273
2004,12,West Bengal,Durgapur,38.255
2004,12,West Bengal,Howrah,152.628
2004,12,West Bengal,Kolkata,202.565
2004,12,West Bengal,Siliguri,115.683
2005,1,Bihar,Muzaffarpur,229.603
2005,1,Bihar,Patna,99.455
2005,1,Gujarat,Ahmedabad,50.525999999999996
2005,1,Gujarat,Rajkot,195.25799999999998
2005,1,Gujarat,Surat,12.677
2005,1,Karnataka,Bengaluru,132.703
2005,1,Karnataka,Hubli,128.912
2005,1,Karnataka,Mangaluru,132.673
2005,1,Karnataka,Mysuru,28.321
2005,1,Kerala,Kochi,75.479
2005,1,Kerala,Kozhikode,248.38600000000002
2005,1,Kerala,Thrissur,20.825
2005,1,Maharashtra,Mumbai,143.79
2005,1,Maharashtra,Pune,54.377
2005,1,Rajasthan,Jaipur,136.295
2005,1,Rajasthan,Jodhpur,44.154
2005,1,Rajasthan,Kota,201.956
2005,1,Rajasthan,Udaipur,102.459
2005,1,Tamil Nadu,Coimbatore,120.072
2005,1,Tamil Nadu,Madurai,0.336
2005,1,Telangana,Karimnagar,144.839
2005,1,Telangana,Warangal,293.236
2005,1,Uttar Pradesh,Lucknow,318.139
2005,1,West Bengal,Kolkata,1.816
2005,1,West Bengal,Siliguri,140.861
2005,2,Bihar,Bhagalpur,57.18599999999999
2005,2,Bihar,Muzaffarpur,66.028
2005,2,Gujarat,Ahmedabad,89.326
2005,2,Gujarat,Rajkot,185.97899999999998
2005,2,Karnataka,Mysuru,255.113
2005,2,Maharashtra,Nashik,167.038
2005,2,Rajasthan,Jaipur,25.542
2005,2,Rajasthan,Jodhpur,259.047
2005,2,Tamil Nadu,Chennai,208.147
2005,2,Tamil Nadu,Coimbatore,96.154
2005,2,Tamil Nadu,Salem,74.95500000000001
2005,2,Telangana,Hyderabad,223.22199999999998
2005,2,Telangana,Nizamabad,8.489
2005,2,Telangana,Warangal,155.981
2005,2,Uttar Pradesh,Kanpur,147.906
2005,2,Uttar Pradesh,Lucknow,200.89000000000001
2005,2,West Bengal,Kolkata,47.435
2005,2,West Bengal,Siliguri,142.599
2005,3,Bihar,Bhagalpur,73.248
2005,3,Bihar,Gaya,77.899
2005,3,Bihar,Patna,104.706
2005,3,Gujarat,Rajkot,119.467
2005,3,Gujarat,Surat,196.781
2005,3,Gujarat,Vadodara,194.11599999999999
2005,3,Karnataka,Hubli,43.247
2005,3,Kerala,Kochi,37.118
2005,3,Kerala,Thiruvananthapuram,113.5
2005,3,Maharashtra,Nagpur,103.911
2005,3,Maharashtra,Pune,141.966
2005,3,Rajasthan,Jaipur,78.594
2005,3,Rajasthan,Jodhpur,148.955
2005,3,Rajasthan,Kota,106.874
2005,3,Rajasthan,Udaipur,108.025
2005,3,Tamil Nadu,Chennai,102.811
2005,3,Tamil Nadu,Coimbatore,114.151
2005,3,Tamil Nadu,Madurai,289.101
2005,3,Tamil Nadu,Salem,152.174
2005,3,Telangana,Hyderabad,133.847
2005,3,Telangana,Warangal,27.543
2005,3,Uttar Pradesh,Agra,71.416
2005,3,Uttar Pradesh,Lucknow,52.506
2005,3,Uttar Pradesh,Varanasi,136.471
2005,3,West Bengal,Durgapur,52.216
2005,4,Bihar,Gaya,491.95099999999996
2005,4,Bihar,Muzaffarpur,179.686
2005,4,Gujarat,Ahmedabad,31.67
2005,4,Gujarat,Rajkot,96.454
2005,4,Gujarat,Vadodara,22.561
2005,4,Karnataka,Bengaluru,65.331
2005,4,Karnataka,Hubli,81.031
2005,4,Karnataka,Mangaluru,276.641
2005,4,Kerala,Kochi,58.453
2005,4,Kerala,Thiruvananthapuram,71.451
2005,4,Kerala,Thrissur,24.239
2005,4,Maharashtra,Nashik,238.472
2005,4,Maharashtra,Pune,33.309
2005,4,Rajasthan,Jaipur,313.842
2005,4,Rajasthan,Kota,333.957
2005,4,Rajasthan,Udaipur,146.308
2005,4,Tamil Nadu,Coimbatore,40.884
2005,4,Tamil Nadu,Madurai,122.212
2005,4,Telangana,Hyderabad,6.603
2005,4,Telangana,Karimnagar,184.562
2005,4,Telangana,Warangal,95.289
2005,4,Uttar Pradesh,Agra,327.687
2005,4,Uttar Pradesh,Lucknow,65.759
2005,4,Uttar Pradesh,Varanasi,138.311
2005,4,West Bengal,Durgapur,106.886
2005,5,Bihar,Bhagalpur,156.437
2005,5,Gujarat,Ahmedabad,127.969
2005,5,Gujarat,Rajkot,175.372
2005,5,Gujarat,Surat,178.822
2005,5,Karnataka,Bengaluru,315.837
2005,5,Karnataka,Hubli,141.382
2005,5,Karnataka,Mangaluru,119.453
2005,5,Kerala,Kochi,213.19
2005,5,Kerala,Thiruvananthapuram,112.605
2005,5,Kerala,Thrissur,129.551
2005,5,Maharashtra,Nagpur,65.26
2005,5,Rajasthan,Jaipur,85.649
2005,5,Rajasthan,Jodhpur,96.898
2005,5,Rajasthan,Kota,338.69399999999996
2005,5,Rajasthan,Udaipur,105.162
2005,5,Tamil Nadu,Salem,75.975
2005,5,Telangana,Warangal,46.913
2005,5,Uttar Pradesh,Agra,60.095
2005,5,Uttar Pradesh,Kanpur,83.042
2005,5,Uttar Pradesh,Lucknow,119.54
2005,5,Uttar Pradesh,Varanasi,94.842
2005,5,West Bengal,Durgapur,230.56599999999997
2005,5,West Bengal,Howrah,121.502
2005,5,West Bengal,Siliguri,103.882
2005,6,Bihar,Gaya,188.804
2005,6,Bihar,Patna,128.362
2005,6,Gujarat,Ahmedabad,169.62400000000002
2005,6,Gujarat,Rajkot,148.051
2005,6,Gujarat,Vadodara,54.765
2005,6,Karnataka,Mysuru,15.051
2005,6,Kerala,Thrissur,212.37
2005,6,Maharashtra,Mumbai,78.121
2005,6,Maharashtra,Nagpur,146.46699999999998
2005,6,Maharashtra,Nashik,239.899
2005,6,Maharashtra,Pune,115.928
2005,6,Rajasthan,Jaipur,115.746
2005,6,Rajasthan,Jodhpur,91.333
2005,6,Rajasthan,Kota,114.767
2005,6,Tamil Nadu,Chennai,62.483
2005,6,Tamil Nadu,Coimbatore,97.732
2005,6,Telangana,Karimnagar,234.935
2005,6,Telangana,Nizamabad,137.109
2005,6,Uttar Pradesh,Lucknow,131.304
2005,6,West Bengal,Durgapur,166.262
2005,6,West Bengal,Howrah,82.889
2005,6,West Bengal,Kolkata,143.63
2005,6,West Bengal,Siliguri,130.514
2005,7,Bihar,Gaya,45.261
2005,7,Bihar,Patna,190.95100000000002
2005,7,Gujarat,Ahmedabad,90.64
2005,7,Gujarat,Vadodara,101.694
2005,7,Karnataka,Mangaluru,149.263
2005,7,Karnataka,Mysuru,132.27100000000002
2005,7,Kerala,Kozhikode,146.67000000000002
2005,7,Kerala,Thiruvananthapuram,54.427
2005,7,Maharashtra,Mumbai,56.14
2005,7,Maharashtra,Nagpur,109.271
2005,7,Maharashtra,Pune,6.564
2005,7,Rajasthan,Kota,126.009
2005,7,Tamil Nadu,Coimbatore,246.974
2005,7,Telangana,Hyderabad,119.39600000000002
2005,7,Telangana,Karimnagar,125.885
2005,7,Telangana,Nizamabad,60.598
2005,7,Uttar Pradesh,Lucknow,86.14099999999999
2005,7,West Bengal,Durgapur,168.258
2005,7,West Bengal,Howrah,216.049
2005,7,West Bengal,Kolkata,45.303999999999995
2005,8,Bihar,Bhagalpur,180.435
2005,8,Bihar,Gaya,51.634
2005,8,Gujarat,Ahmedabad,39.888
2005,8,Gujarat,Surat,12.686
2005,8,Gujarat,Vadodara,212.50400000000002
2005,8,Karnataka,Bengaluru,234.91500000000002
2005,8,Karnataka,Hubli,145.555
2005,8,Karnataka,Mysuru,186.94299999999998
2005,8,Kerala,Kochi,51.041
2005,8,Kerala,Kozhikode,35.866
2005,8,Kerala,Thiruvananthapuram,44.558
2005,8,Kerala,Thrissur,116.935
2005,8,Maharashtra,Mumbai,132.382
2005,8,Maharashtra,Nagpur,115.715
2005,8,Maharashtra,Pune,47.845
2005,8,Rajasthan,Jaipur,11.276
2005,8,Rajasthan,Jodhpur,102.974
2005,8,Rajasthan,Udaipur,20.717
2005,8,Tamil Nadu,Chennai,21.309
2005,8,Tamil Nadu,Coimbatore,192.08499999999998
2005,8,Tamil Nadu,Salem,356.876
2005,8,Telangana,Hyderabad,8.715
2005,8,Telangana,Nizamabad,35.654
2005,8,Uttar Pradesh,Kanpur,139.748
2005,8,Uttar Pradesh,Lucknow,375.364
2005,8,West Bengal,Howrah,85.197
2005,8,West Bengal,Kolkata,185.471
2005,8,West Bengal,Siliguri,54.373
2005,9,Bihar,Bhagalpur,60.156
2005,9,Bihar,Gaya,124.552
2005,9,Bihar,Muzaffarpur,175.97899999999998
2005,9,Gujarat,Rajkot,249.923
2005,9,Gujarat,Surat,95.213
2005,9,Gujarat,Vadodara,128.63299999999998
2005,9,Karnataka,Bengaluru,38.994
2005,9,Karnataka,Hubli,170.20600000000002
2005,9,Karnataka,Mysuru,177.212
2005,9,Kerala,Kochi,115.207
2005,9,Kerala,Kozhikode,92.767
2005,9,Maharashtra,Mumbai,147.509
2005,9,Maharashtra,Nagpur,106.516
2005,9,Maharashtra,Nashik,120.346
2005,9,Rajasthan,Jaipur,93.432
2005,9,Rajasthan,Jodhpur,38.53
2005,9,Rajasthan,Udaipur,41.06
2005,9,Telangana,Hyderabad,58.937
2005,9,Telangana,Karimnagar,64.085
2005,9,Telangana,Nizamabad,67.721
2005,9,Uttar Pradesh,Agra,3.96
2005,9,Uttar Pradesh,Kanpur,148.426
2005,9,Uttar Pradesh,Lucknow,239.767
2005,9,Uttar Pradesh,Varanasi,70.11
2005,9,West Bengal,Howrah,163.618
2005,9,West Bengal,Kolkata,13.933
2005,10,Bihar,Gaya,57.628
2005,10,Bihar,Muzaffarpur,227.413
2005,10,Gujarat,Rajkot,137.51
2005,10,Gujarat,Surat,154.12
2005,10,Gujarat,Vadodara,146.739
2005,10,Karnataka,Hubli,14.26
2005,10,Kerala,Kozhikode,181.673
2005,10,Kerala,Thiruvananthapuram,114.487
2005,10,Kerala,Thrissur,283.492
2005,10,Maharashtra,Mumbai,372.471
2005,10,Maharashtra,Pune,80.814
2005,10,Rajasthan,Jaipur,58.945
2005,10,Rajasthan,Jodhpur,212.10399999999998
2005,10,Rajasthan,Udaipur,187.315
2005,10,Tamil Nadu,Chennai,148.276
2005,10,Tamil Nadu,Coimbatore,87.403
2005,10,Telangana,Hyderabad,119.014
2005,10,Telangana,Karimnagar,83.786
2005,10,Telangana,Nizamabad,142.933
2005,10,Telangana,Warangal,148.583
2005,10,Uttar Pradesh,Varanasi,79.458
2005,10,West Bengal,Durgapur,262.565
2005,10,West Bengal,Kolkata,72.418
2005,10,West Bengal,Siliguri,153.407
2005,11,Bihar,Bhagalpur,54.208
2005,11,Bihar,Gaya,247.846
2005,11,Bihar,Muzaffarpur,56.116
2005,11,Bihar,Patna,59.612
2005,11,Gujarat,Rajkot,108.551
2005,11,Gujarat,Surat,46.772
2005,11,Gujarat,Vadodara,244.546
2005,11,Karnataka,Hubli,120.315
2005,11,Kerala,Kochi,0.343
2005,11,Kerala,Kozhikode,28.986
2005,11,Kerala,Thiruvananthapuram,73.167
2005,11,Maharashtra,Mumbai,155.069
2005,11,Maharashtra,Nagpur,152.494
2005,11,Maharashtra,Pune,145.337
2005,11,Rajasthan,Kota,39.447
2005,11,Rajasthan,Udaipur,62.729
2005,11,Tamil Nadu,Coimbatore,36.607
2005,11,Tamil Nadu,Madurai,127.732
2005,11,Tamil Nadu,Salem,23.272
2005,11,Telangana,Nizamabad,216.542
2005,11,Uttar Pradesh,Agra,76.162
2005,11,Uttar Pradesh,Lucknow,12.731
2005,11,West Bengal,Durgapur,19.425
2005,11,West Bengal,Kolkata,123.293
2005,12,Bihar,Bhagalpur,57.304
2005,12,Bihar,Muzaffarpur,43.836
2005,12,Gujarat,Surat,114.62700000000001
2005,12,Karnataka,Bengaluru,125.537
2005,12,Karnataka,Hubli,82.947
2005,12,Karnataka,Mysuru,276.824
2005,12,Kerala,Kozhikode,147.525
2005,12,Kerala,Thiruvananthapuram,16.222
2005,12,Maharashtra,Nagpur,141.27
2005,12,Maharashtra,Nashik,75.719
2005,12,Maharashtra,Pune,152.689
2005,12,Rajasthan,Jaipur,40.951
2005,12,Rajasthan,Kota,173.87099999999998
2005,12,Tamil Nadu,Chennai,274.858
2005,12,Tamil Nadu,Coimbatore,213.93200000000002
2005,12,Tamil Nadu,Madurai,99.297
2005,12,Tamil Nadu,Salem,208.785
2005,12,Telangana,Hyderabad,142.415
2005,12,Telangana,Karimnagar,126.58600000000001
2005,12,Telangana,Nizamabad,144.268
2005,12,Telangana,Warangal,339.23199999999997
2005,12,Uttar Pradesh,Agra,93.066
2005,12,Uttar Pradesh,Lucknow,135.088
2005,12,West Bengal,Howrah,29.162
2005,12,West Bengal,Siliguri,122.107
2006,1,Bihar,Bhagalpur,59.101
2006,1,Bihar,Muzaffarpur,130.49
2006,1,Bihar,Patna,124.931
2006,1,Gujarat,Ahmedabad,57.906
2006,1,Gujarat,Rajkot,17.155
2006,1,Gujarat,Vadodara,94.165
2006,1,Karnataka,Hubli,176.276
2006,1,Karnataka,Mangaluru,206.924
2006,1,Karnataka,Mysuru,156.294
2006,1,Kerala,Kochi,111.493
2006,1,Kerala,Thrissur,40.51
2006,1,Maharashtra,Mumbai,118.584
2006,1,Maharashtra,Pune,27.146
2006,1,Rajasthan,Jodhpur,247.45
2006,1,Rajasthan,Kota,65.266
2006,1,Rajasthan,Udaipur,136.189
2006,1,Telangana,Karimnagar,230.336
2006,1,Telangana,Warangal,125.565
2006,1,Uttar Pradesh,Agra,16.08
2006,1,Uttar Pradesh,Kanpur,45.73
2006,1,Uttar Pradesh,Lucknow,221.805
2006,1,Uttar Pradesh,Varanasi,172.654
2006,1,West Bengal,Durgapur,0.343
2006,1,West Bengal,Siliguri,256.78200000000004
2006,2,Bihar,Bhagalpur,285.378
2006,2,Bihar,Gaya,138.318
2006,2,Bihar,Muzaffarpur,82.898
2006,2,Gujarat,Ahmedabad,99.873
2006,2,Gujarat,Rajkot,39.909
2006,2,Gujarat,Surat,140.383
2006,2,Gujarat,Vadodara,266.11400000000003
2006,2,Karnataka,Bengaluru,98.69
2006,2,Karnataka,Hubli,52.821
2006,2,Kerala,Kozhikode,56.226
2006,2,Kerala,Thiruvananthapuram,51.696
2006,2,Maharashtra,Pune,103.194
2006,2,Rajasthan,Jaipur,145.374
2006,2,Rajasthan,Jodhpur,120.968
2006,2,Tamil Nadu,Coimbatore,61.337
2006,2,Tamil Nadu,Madurai,201.137
2006,2,Telangana,Nizamabad,151.74599999999998
2006,2,Telangana,Warangal,125.571
2006,2,Uttar Pradesh,Kanpur,141.765
2006,2,Uttar Pradesh,Lucknow,61.891
2006,2,Uttar Pradesh,Varanasi,116.37
2006,2,West Bengal,Durgapur,21.433
2006,3,Bihar,Bhagalpur,84.562
2006,3,Bihar,Gaya,135.528
2006,3,Bihar,Muzaffarpur,126.6
2006,3,Gujarat,Rajkot,80.672
2006,3,Gujarat,Vadodara,157.72400000000002
2006,3,Karnataka,Bengaluru,46.77
2006,3,Karnataka,Mysuru,119.227
2006,3,Kerala,Kochi,262.23199999999997
2006,3,Kerala,Kozhikode,82.545
2006,3,Kerala,Thiruvananthapuram,36.637
2006,3,Maharashtra,Mumbai,45.862
2006,3,Maharashtra,Pune,165.629
2006,3,Rajasthan,Udaipur,150.815
2006,3,Tamil Nadu,Chennai,147.385
2006,3,Tamil Nadu,Coimbatore,10.796
2006,3,Telangana,Hyderabad,99.318
2006,3,Telangana,Nizamabad,62.624
2006,3,Telangana,Warangal,110.131
2006,3,Uttar Pradesh,Agra,49.109
2006,3,Uttar Pradesh,Kanpur,158.798
2006,3,Uttar Pradesh,Lucknow,137.949
2006,3,West Bengal,Durgapur,0.734
2006,3,West Bengal,Howrah,89.154
2006,4,Bihar,Muzaffarpur,57.739000000000004
2006,4,Bihar,Patna,56.821
2006,4,Gujarat,Ahmedabad,43.715
2006,4,Gujarat,Surat,99.98400000000001
2006,4,Karnataka,Hubli,108.65
2006,4,Karnataka,Mysuru,114.114
2006,4,Kerala,Kochi,36.066
2006,4,Kerala,Kozhikode,147.268
2006,4,Kerala,Thrissur,114.646
2006,4,Maharashtra,Nagpur,254.89499999999998
2006,4,Maharashtra,Nashik,74.87
2006,4,Maharashtra,Pune,65.455
2006,4,Rajasthan,Jodhpur,106.179
2006,4,Rajasthan,Kota,88.342
2006,4,Rajasthan,Udaipur,18.114
2006,4,Tamil Nadu,Salem,111.692
2006,4,Telangana,Karimnagar,88.769
2006,4,Telangana,Nizamabad,7.769
2006,4,Uttar Pradesh,Lucknow,61.945
2006,4,Uttar Pradesh,Varanasi,42.671
2006,4,West Bengal,Durgapur,115.59800000000001
2006,4,West Bengal,Howrah,69.347
2006,5,Bihar,Bhagalpur,219.175
2006,5,Bihar,Gaya,117.714
2006,5,Gujarat,Ahmedabad,169.844
2006,5,Gujarat,Rajkot,204.14100000000002
2006,5,Gujarat,Vadodara,43.056
2006,5,Karnataka,Hubli,92.077
2006,5,Karnataka,Mangaluru,86.35
2006,5,Karnataka,Mysuru,127.461
2006,5,Kerala,Kozhikode,229.747
2006,5,Kerala,Thiruvananthapuram,140.666
2006,5,Kerala,Thrissur,179.172
2006,5,Maharashtra,Pune,68.55
2006,5,Rajasthan,Jaipur,60.256
2006,5,Rajasthan,Jodhpur,159.222
2006,5,Rajasthan,Kota,14.746
2006,5,Tamil Nadu,Chennai,110.346
2006,5,Tamil Nadu,Coimbatore,84.529
2006,5,Telangana,Hyderabad,217.699
2006,5,Telangana,Karimnagar,77.90899999999999
2006,5,Telangana,Warangal,206.445
2006,5,Uttar Pradesh,Agra,77.622
2006,5,West Bengal,Howrah,33.173
2006,6,Bihar,Bhagalpur,204.75600000000003
2006,6,Bihar,Muzaffarpur,190.787
2006,6,Gujarat,Ahmedabad,28.021
2006,6,Gujarat,Rajkot,75.434
2006,6,Karnataka,Hubli,10.736
2006,6,Karnataka,Mysuru,137.314
2006,6,Kerala,Thiruvananthapuram,43.488
2006,6,Maharashtra,Mumbai,160.41899999999998
2006,6,Rajasthan,Jaipur,112.467
2006,6,Rajasthan,Udaipur,40.512
2006,6,Tamil Nadu,Chennai,82.644
2006,6,Tamil Nadu,Coimbatore,80.185
2006,6,Tamil Nadu,Madurai,33.229
2006,6,Telangana,Hyderabad,207.57
2006,6,Telangana,Karimnagar,103.471
2006,6,Telangana,Nizamabad,12.831
2006,6,Telangana,Warangal,172.72299999999998
2006,6,Uttar Pradesh,Agra,138.399
2006,6,West Bengal,Howrah,210.249
2006,6,West Bengal,Kolkata,172.192
2006,7,Bihar,Bhagalpur,242.68599999999998
2006,7,Bihar,Gaya,43.704
2006,7,Bihar,Muzaffarpur,89.381
2006,7,Bihar,Patna,86.318
2006,7,Gujarat,Ahmedabad,150.56900000000002
2006,7,Gujarat,Rajkot,0.953
2006,7,Gujarat,Surat,46.844
2006,7,Karnataka,Bengaluru,82.41900000000001
2006,7,Karnataka,Hubli,137.225
2006,7,Karnataka,Mysuru,146.101
2006,7,Kerala,Kochi,169.455
2006,7,Kerala,Kozhikode,7.86
2006,7,Kerala,Thiruvananthapuram,113.679
2006,7,Kerala,Thrissur,201.31099999999998
2006,7,Maharashtra,Nagpur,40.407
2006,7,Maharashtra,Nashik,176.986
2006,7,Maharashtra,Pune,73.132
2006,7,Rajasthan,Jodhpur,133.88
2006,7,Rajasthan,Kota,25.422
2006,7,Tamil Nadu,Chennai,9.054
2006,7,Tamil Nadu,Coimbatore,112.958
2006,7,Telangana,Hyderabad,106.18
2006,7,Telangana,Karimnagar,163.571
2006,7,Telangana,Warangal,225.488
2006,7,Uttar Pradesh,Agra,187.413
2006,7,Uttar Pradesh,Lucknow,116.233
2006,7,Uttar Pradesh,Varanasi,122.236
2006,7,West Bengal,Howrah,158.345
2006,7,West Bengal,Kolkata,137.695
2006,7,West Bengal,Siliguri,134.532
2006,8,Bihar,Gaya,106.38000000000001
2006,8,Bihar,Muzaffarpur,81.312
2006,8,Bihar,Patna,128.743
2006,8,Gujarat,Ahmedabad,53.258
2006,8,Gujarat,Rajkot,64.873
2006,8,Karnataka,Mangaluru,11.705
2006,8,Karnataka,Mysuru,123.391
2006,8,Kerala,Kochi,212.671
2006,8,Kerala,Kozhikode,244.534
2006,8,Kerala,Thrissur,271.201
2006,8,Maharashtra,Nagpur,70.216
2006,8,Maharashtra,Pune,243.618
2006,8,Rajasthan,Jaipur,78.18
2006,8,Rajasthan,Udaipur,119.90799999999999
2006,8,Tamil Nadu,Salem,401.91700000000003
2006,8,Telangana,Hyderabad,34.029
2006,8,Uttar Pradesh,Lucknow,115.587
2006,8,Uttar Pradesh,Varanasi,72.877
2006,8,West Bengal,Durgapur,3.483
2006,8,West Bengal,Howrah,43.764
2006,8,West Bengal,Kolkata,76.689
2006,9,Bihar,Bhagalpur,222.753
2006,9,Bihar,Muzaffarpur,67.618
2006,9,Bihar,Patna,148.373
2006,9,Gujarat,Rajkot,380.922
2006,9,Gujarat,Vadodara,64.389
2006,9,Karnataka,Bengaluru,92.499
2006,9,Karnataka,Hubli,91.601
2006,9,Karnataka,Mangaluru,204.687
2006,9,Karnataka,Mysuru,105.227
2006,9,Kerala,Kochi,142.075
2006,9,Kerala,Kozhikode,80.76
2006,9,Kerala,Thrissur,109.258
2006,9,Maharashtra,Mumbai,228.22
2006,9,Maharashtra,Nagpur,27.112000000000002
2006,9,Maharashtra,Nashik,100.283
2006,9,Rajasthan,Kota,101.023
2006,9,Tamil Nadu,Chennai,119.364
2006,9,Tamil Nadu,Salem,276.594
2006,9,Telangana,Nizamabad,73.947
2006,9,Telangana,Warangal,102.581
2006,9,Uttar Pradesh,Agra,18.8
2006,9,Uttar Pradesh,Kanpur,123.751
2006,9,Uttar Pradesh,Lucknow,1.314
2006,9,Uttar Pradesh,Varanasi,58.257
2006,9,West Bengal,Durgapur,176.558
2006,9,West Bengal,Howrah,202.33499999999998
2006,9,West Bengal,Kolkata,165.135
2006,9,West Bengal,Siliguri,141.173
2006,10,Bihar,Bhagalpur,403.892
2006,10,Bihar,Gaya,290.19399999999996
2006,10,Bihar,Patna,78.327
2006,10,Gujarat,Ahmedabad,140.942
2006,10,Gujarat,Rajkot,33.896
2006,10,Gujarat,Surat,24.016
2006,10,Karnataka,Bengaluru,114.589
2006,10,Kerala,Kozhikode,9.401
2006,10,Kerala,Thiruvananthapuram,92.528
2006,10,Maharashtra,Mumbai,14.54
2006,10,Maharashtra,Nagpur,136.295
2006,10,Maharashtra,Nashik,123.538
2006,10,Rajasthan,Jodhpur,66.212
2006,10,Rajasthan,Kota,34.211999999999996
2006,10,Rajasthan,Udaipur,49.497
2006,10,Tamil Nadu,Chennai,123.128
2006,10,Tamil Nadu,Coimbatore,329.112
2006,10,Tamil Nadu,Madurai,16.694
2006,10,Tamil Nadu,Salem,147.194
2006,10,Telangana,Hyderabad,135.446
2006,10,Uttar Pradesh,Kanpur,97.62
2006,10,Uttar Pradesh,Lucknow,19.192
2006,10,Uttar Pradesh,Varanasi,37.299
2006,10,West Bengal,Durgapur,60.62
2006,10,West Bengal,Kolkata,153.627
2006,11,Bihar,Bhagalpur,248.541
2006,11,Bihar,Muzaffarpur,123.22
2006,11,Gujarat,Rajkot,314.305
2006,11,Karnataka,Hubli,51.048
2006,11,Karnataka,Mangaluru,123.52
2006,11,Karnataka,Mysuru,52.68
2006,11,Kerala,Thiruvananthapuram,127.64
2006,11,Maharashtra,Nagpur,88.246
2006,11,Maharashtra,Nashik,71.467
2006,11,Rajasthan,Jaipur,133.782
2006,11,Rajasthan,Kota,5.621
2006,11,Tamil Nadu,Chennai,73.785
2006,11,Tamil Nadu,Coimbatore,89.968
2006,11,Tamil Nadu,Salem,66.45
2006,11,Telangana,Nizamabad,24.923
2006,11,Telangana,Warangal,280.01300000000003
2006,11,Uttar Pradesh,Agra,36.283
2006,11,West Bengal,Kolkata,34.429
2006,11,West Bengal,Siliguri,8.978
2006,12,Bihar,Bhagalpur,36.864999999999995
2006,12,Bihar,Gaya,90.557
2006,12,Bihar,Muzaffarpur,55.947
2006,12,Gujarat,Ahmedabad,208.68599999999998
2006,12,Karnataka,Bengaluru,126.227
2006,12,Karnataka,Hubli,245.082
2006,12,Karnataka,Mangaluru,147.827
2006,12,Kerala,Kochi,105.825
2006,12,Kerala,Kozhikode,6.18
2006,12,Kerala,Thrissur,186.007
2006,12,Maharashtra,Mumbai,39.869
2006,12,Maharashtra,Nagpur,197.193
2006,12,Maharashtra,Pune,235.78199999999998
2006,12,Rajasthan,Jaipur,83.415
2006,12,Rajasthan,Jodhpur,142.98399999999998
2006,12,Rajasthan,Udaipur,90.42
2006,12,Tamil Nadu,Coimbatore,55.64
2006,12,Tamil Nadu,Madurai,243.846
2006,12,Uttar Pradesh,Lucknow,186.959
2006,12,Uttar Pradesh,Varanasi,193.44299999999998
2006,12,West Bengal,Durgapur,140.795
2006,12,West Bengal,Kolkata,192.272
