year,month,state,district,monthly_precipitation
2020,1,Karnataka,Bangalore,45.04
2020,1,Karnataka,Hubli,39.33
2020,1,Karnataka,Mangalore,61.5
2020,1,Karnataka,Mysore,34.980000000000004
2020,1,Kerala,Kochi,45.339999999999996
2020,1,Kerala,Kozhikode,42.15
2020,1,Kerala,Thiruvananthapuram,30.82
2020,1,Maharashtra,Mumbai,39.88
2020,1,Maharashtra,Nagpur,39.42
2020,1,Maharashtra,Nashik,56.66
2020,1,Maharashtra,Pune,54.4
2020,1,Tamil Nadu,Chennai,42.45
2020,1,Tamil Nadu,Coimbatore,28.6
2020,1,Tamil Nadu,Madurai,26.89
2020,2,Karnataka,Bangalore,30.189999999999998
2020,2,Karnataka,Hubli,29.79
2020,2,Karnataka,Mangalore,37.71
2020,2,Karnataka,Mysore,31.9
2020,2,Kerala,Kochi,36.449999999999996
2020,2,Kerala,Kozhikode,33.03
2020,2,Kerala,Thiruvananthapuram,61.78
2020,2,Maharashtra,Mumbai,45.54
2020,2,Maharashtra,Nagpur,41.28
2020,2,Maharashtra,Nashik,52.37
2020,2,Maharashtra,Pune,31.48
2020,2,Tamil Nadu,Chennai,49.86
2020,2,Tamil Nadu,Coimbatore,40.45
2020,2,Tamil Nadu,Madurai,23.92
2020,3,Karnataka,Bangalore,49.95
2020,3,Karnataka,Hubli,39.75
2020,3,Karnataka,Mangalore,39.449999999999996
2020,3,Karnataka,Mysore,46.25
2020,3,Kerala,Kochi,32.96
2020,3,Kerala,Kozhikode,35.41
2020,3,Kerala,Thiruvananthapuram,63.92
2020,3,Maharashtra,Mumbai,46.78
2020,3,Maharashtra,Nagpur,45.03
2020,3,Maharashtra,Nashik,52.9
2020,3,Maharashtra,Pune,28.7
2020,3,Tamil Nadu,Chennai,52.3
2020,3,Tamil Nadu,Coimbatore,38.84
2020,3,Tamil Nadu,Madurai,48.64
2020,4,Karnataka,Bangalore,35.260000000000005
2020,4,Karnataka,Hubli,43.76
2020,4,Karnataka,Mangalore,78.41
2020,4,Karnataka,Mysore,29.66
2020,4,Kerala,Kochi,35.18
2020,4,Kerala,Kozhikode,57.95
2020,4,Kerala,Thiruvananthapuram,49.760000000000005
2020,4,Maharashtra,Mumbai,50.11
2020,4,Maharashtra,Nagpur,71.67999999999999
2020,4,Maharashtra,Nashik,35.19
2020,4,Maharashtra,Pune,62.3
2020,4,Tamil Nadu,Chennai,42.629999999999995
2020,4,Tamil Nadu,Coimbatore,57.51
2020,4,Tamil Nadu,Madurai,41.47
2020,5,Karnataka,Bangalore,47.88
2020,5,Karnataka,Hubli,43.67
2020,5,Karnataka,Mangalore,63.11
2020,5,Karnataka,Mysore,38.53
2020,5,Kerala,Kochi,31.71
2020,5,Kerala,Kozhikode,37.55
2020,5,Kerala,Thiruvananthapuram,46.03
2020,5,Maharashtra,Mumbai,60.05
2020,5,Maharashtra,Nagpur,27.09
2020,5,Maharashtra,Nashik,37.83
2020,5,Maharashtra,Pune,38.34
2020,5,Tamil Nadu,Chennai,25.75
2020,5,Tamil Nadu,Coimbatore,52.26
2020,5,Tamil Nadu,Madurai,39.43
2020,6,Karnataka,Bangalore,519.59
2020,6,Karnataka,Hubli,292.62
2020,6,Karnataka,Mangalore,427.48
2020,6,Karnataka,Mysore,570.3
2020,6,Kerala,Kochi,501.78
2020,6,Kerala,Kozhikode,303.41
2020,6,Kerala,Thiruvananthapuram,654.14
2020,6,Maharashtra,Mumbai,492.03
2020,6,Maharashtra,Nagpur,295.7
2020,6,Maharashtra,Nashik,602.04
2020,6,Maharashtra,Pune,489.49
2020,6,Tamil Nadu,Chennai,400.8
2020,6,Tamil Nadu,Coimbatore,372.84
2020,6,Tamil Nadu,Madurai,346.01
2020,7,Karnataka,Bangalore,658.31
2020,7,Karnataka,Hubli,361.21
2020,7,Karnataka,Mangalore,328.92
2020,7,Karnataka,Mysore,495.28999999999996
2020,7,Kerala,Kochi,463.8
2020,7,Kerala,Kozhikode,409.79
2020,7,Kerala,Thiruvananthapuram,415.23
2020,7,Maharashtra,Mumbai,472.73
2020,7,Maharashtra,Nagpur,392.81
2020,7,Maharashtra,Nashik,494.52
2020,7,Maharashtra,Pune,419.1
2020,7,Tamil Nadu,Chennai,409.75
2020,7,Tamil Nadu,Coimbatore,524.4200000000001
2020,7,Tamil Nadu,Madurai,429.27
2020,8,Karnataka,Bangalore,399.73
2020,8,Karnataka,Hubli,397.42
2020,8,Karnataka,Mangalore,533.05
2020,8,Karnataka,Mysore,482.89
2020,8,Kerala,Kochi,366.61
2020,8,Kerala,Kozhikode,558.24
2020,8,Kerala,Thiruvananthapuram,350.28
2020,8,Maharashtra,Mumbai,608.3100000000001
2020,8,Maharashtra,Nagpur,384.76
2020,8,Maharashtra,Nashik,288.5
2020,8,Maharashtra,Pune,297.95
2020,8,Tamil Nadu,Chennai,518.33
2020,8,Tamil Nadu,Coimbatore,469.93
2020,8,Tamil Nadu,Madurai,489.87
2020,9,Karnataka,Bangalore,452.45
2020,9,Karnataka,Hubli,354.26
2020,9,Karnataka,Mangalore,548.93
2020,9,Karnataka,Mysore,322.36
2020,9,Kerala,Kochi,431.99
2020,9,Kerala,Kozhikode,636.12
2020,9,Kerala,Thiruvananthapuram,477.90999999999997
2020,9,Maharashtra,Mumbai,456.94
2020,9,Maharashtra,Nagpur,429.91
2020,9,Maharashtra,Nashik,526.36
2020,9,Maharashtra,Pune,458.76
2020,9,Tamil Nadu,Chennai,322.90999999999997
2020,9,Tamil Nadu,Coimbatore,479.90999999999997
2020,9,Tamil Nadu,Madurai,418.77
2020,10,Karnataka,Bangalore,57.1
2020,10,Karnataka,Hubli,42.92
2020,10,Karnataka,Mangalore,32.99
2020,10,Karnataka,Mysore,42.57
2020,10,Kerala,Kochi,41.26
2020,10,Kerala,Kozhikode,55.12
2020,10,Kerala,Thiruvananthapuram,27.24
2020,10,Maharashtra,Mumbai,71.36
2020,10,Maharashtra,Nagpur,63.589999999999996
2020,10,Maharashtra,Nashik,45.11
2020,10,Maharashtra,Pune,35.97
2020,10,Tamil Nadu,Chennai,38.17
2020,10,Tamil Nadu,Coimbatore,36.08
2020,10,Tamil Nadu,Madurai,53.51
2020,11,Karnataka,Bangalore,36.49
2020,11,Karnataka,Hubli,52.41
2020,11,Karnataka,Mangalore,48.54
2020,11,Karnataka,Mysore,38.43
2020,11,Kerala,Kochi,48.27
2020,11,Kerala,Kozhikode,29.85
2020,11,Kerala,Thiruvananthapuram,37.98
2020,11,Maharashtra,Mumbai,44.4
2020,11,Maharashtra,Nagpur,30.849999999999998
2020,11,Maharashtra,Nashik,40.28
2020,11,Maharashtra,Pune,30.52
2020,11,Tamil Nadu,Chennai,34.36
2020,11,Tamil Nadu,Coimbatore,42.18
2020,11,Tamil Nadu,Madurai,40.39
2020,12,Karnataka,Bangalore,37.129999999999995
2020,12,Karnataka,Hubli,54.25
2020,12,Karnataka,Mangalore,46.07
2020,12,Karnataka,Mysore,37.88
2020,12,Kerala,Kochi,53.519999999999996
2020,12,Kerala,Kozhikode,42.93
2020,12,Kerala,Thiruvananthapuram,43.2
2020,12,Maharashtra,Mumbai,35.71
2020,12,Maharashtra,Nagpur,48.79
2020,12,Maharashtra,Nashik,40.15
2020,12,Maharashtra,Pune,54.54
2020,12,Tamil Nadu,Chennai,23.0
2020,12,Tamil Nadu,Coimbatore,31.03
2020,12,Tamil Nadu,Madurai,22.08
2021,1,Karnataka,Bangalore,41.32
2021,1,Karnataka,Hubli,51.56
2021,1,Karnataka,Mangalore,47.22
2021,1,Karnataka,Mysore,27.96
2021,1,Kerala,Kochi,36.14
2021,1,Kerala,Kozhikode,32.019999999999996
2021,1,Kerala,Thiruvananthapuram,47.0
2021,1,Maharashtra,Mumbai,49.11
2021,1,Maharashtra,Nagpur,63.88
2021,1,Maharashtra,Nashik,40.02
2021,1,Maharashtra,Pune,56.15
2021,1,Tamil Nadu,Chennai,36.9
2021,1,Tamil Nadu,Coimbatore,29.61
2021,1,Tamil Nadu,Madurai,39.2
2021,2,Karnataka,Bangalore,23.56
2021,2,Karnataka,Hubli,36.5
2021,2,Karnataka,Mangalore,46.61
2021,2,Karnataka,Mysore,29.32
2021,2,Kerala,Kochi,45.36
2021,2,Kerala,Kozhikode,34.8
2021,2,Kerala,Thiruvananthapuram,38.43
2021,2,Maharashtra,Mumbai,24.25
2021,2,Maharashtra,Nagpur,41.37
2021,2,Maharashtra,Nashik,61.17
2021,2,Maharashtra,Pune,32.88
2021,2,Tamil Nadu,Chennai,56.36
2021,2,Tamil Nadu,Coimbatore,31.25
2021,2,Tamil Nadu,Madurai,45.75
2021,3,Karnataka,Bangalore,33.93
2021,3,Karnataka,Hubli,42.24
2021,3,Karnataka,Mangalore,46.57
2021,3,Karnataka,Mysore,47.35
2021,3,Kerala,Kochi,30.89
2021,3,Kerala,Kozhikode,38.980000000000004
2021,3,Kerala,Thiruvananthapuram,41.53
2021,3,Maharashtra,Mumbai,25.0
2021,3,Maharashtra,Nagpur,45.6
2021,3,Maharashtra,Nashik,29.55
2021,3,Maharashtra,Pune,48.44
2021,3,Tamil Nadu,Chennai,42.9
2021,3,Tamil Nadu,Coimbatore,54.81
2021,3,Tamil Nadu,Madurai,43.44
2021,4,Karnataka,Bangalore,43.15
2021,4,Karnataka,Hubli,36.64
2021,4,Karnataka,Mangalore,28.38
2021,4,Karnataka,Mysore,33.73
2021,4,Kerala,Kochi,49.65
2021,4,Kerala,Kozhikode,38.78
2021,4,Kerala,Thiruvananthapuram,53.47
2021,4,Maharashtra,Mumbai,45.15
2021,4,Maharashtra,Nagpur,41.769999999999996
2021,4,Maharashtra,Nashik,35.82
2021,4,Maharashtra,Pune,37.5
2021,4,Tamil Nadu,Chennai,47.58
2021,4,Tamil Nadu,Coimbatore,37.11
2021,4,Tamil Nadu,Madurai,52.29
2021,5,Karnataka,Bangalore,45.67
2021,5,Karnataka,Hubli,34.34
2021,5,Karnataka,Mangalore,48.89
2021,5,Karnataka,Mysore,36.07
2021,5,Kerala,Kochi,70.38
2021,5,Kerala,Kozhikode,48.95
2021,5,Kerala,Thiruvananthapuram,41.66
2021,5,Maharashtra,Mumbai,30.830000000000002
2021,5,Maharashtra,Nagpur,44.44
2021,5,Maharashtra,Nashik,51.49
2021,5,Maharashtra,Pune,31.31
2021,5,Tamil Nadu,Chennai,38.74
2021,5,Tamil Nadu,Coimbatore,40.87
2021,5,Tamil Nadu,Madurai,33.839999999999996
2021,6,Karnataka,Bangalore,377.69
2021,6,Karnataka,Hubli,492.6
2021,6,Karnataka,Mangalore,552.37
2021,6,Karnataka,Mysore,341.69
2021,6,Kerala,Kochi,499.64
2021,6,Kerala,Kozhikode,548.6800000000001
2021,6,Kerala,Thiruvananthapuram,311.43
2021,6,Maharashtra,Mumbai,423.58
2021,6,Maharashtra,Nagpur,555.24
2021,6,Maharashtra,Nashik,494.46999999999997
2021,6,Maharashtra,Pune,296.76
2021,6,Tamil Nadu,Chennai,481.9
2021,6,Tamil Nadu,Coimbatore,400.2
2021,6,Tamil Nadu,Madurai,404.28
2021,7,Karnataka,Bangalore,451.05
2021,7,Karnataka,Hubli,426.28
2021,7,Karnataka,Mangalore,334.58000000000004
2021,7,Karnataka,Mysore,302.08
2021,7,Kerala,Kochi,384.14
2021,7,Kerala,Kozhikode,470.5
2021,7,Kerala,Thiruvananthapuram,473.87
2021,7,Maharashtra,Mumbai,489.05
2021,7,Maharashtra,Nagpur,396.5
2021,7,Maharashtra,Nashik,504.78999999999996
2021,7,Maharashtra,Pune,370.8
2021,7,Tamil Nadu,Chennai,433.4
2021,7,Tamil Nadu,Coimbatore,499.28
2021,7,Tamil Nadu,Madurai,636.38
2021,8,Karnataka,Bangalore,501.52
2021,8,Karnataka,Hubli,417.99
2021,8,Karnataka,Mangalore,589.05
2021,8,Karnataka,Mysore,363.97
2021,8,Kerala,Kochi,474.3
2021,8,Kerala,Kozhikode,402.14
2021,8,Kerala,Thiruvananthapuram,352.68
2021,8,Maharashtra,Mumbai,501.86
2021,8,Maharashtra,Nagpur,411.29
2021,8,Maharashtra,Nashik,592.65
2021,8,Maharashtra,Pune,396.65
2021,8,Tamil Nadu,Chennai,397.74
2021,8,Tamil Nadu,Coimbatore,394.49
2021,8,Tamil Nadu,Madurai,360.47
2021,9,Karnataka,Bangalore,421.65999999999997
2021,9,Karnataka,Hubli,333.26
2021,9,Karnataka,Mangalore,545.37
2021,9,Karnataka,Mysore,505.54
2021,9,Kerala,Kochi,271.46
2021,9,Kerala,Kozhikode,403.96999999999997
2021,9,Kerala,Thiruvananthapuram,300.7
2021,9,Maharashtra,Mumbai,605.86
2021,9,Maharashtra,Nagpur,312.64
2021,9,Maharashtra,Nashik,410.42
2021,9,Maharashtra,Pune,408.78000000000003
2021,9,Tamil Nadu,Chennai,337.97
2021,9,Tamil Nadu,Coimbatore,259.9
2021,9,Tamil Nadu,Madurai,368.01
2021,10,Karnataka,Bangalore,35.29
2021,10,Karnataka,Hubli,55.01
2021,10,Karnataka,Mangalore,38.269999999999996
2021,10,Karnataka,Mysore,62.19
2021,10,Kerala,Kochi,45.66
2021,10,Kerala,Kozhikode,46.14
2021,10,Kerala,Thiruvananthapuram,37.51
2021,10,Maharashtra,Mumbai,38.14
2021,10,Maharashtra,Nagpur,51.14
2021,10,Maharashtra,Nashik,34.58
2021,10,Maharashtra,Pune,27.73
2021,10,Tamil Nadu,Chennai,45.45
2021,10,Tamil Nadu,Coimbatore,43.58
2021,10,Tamil Nadu,Madurai,38.83
2021,11,Karnataka,Bangalore,43.48
2021,11,Karnataka,Hubli,30.16
2021,11,Karnataka,Mangalore,33.88
2021,11,Karnataka,Mysore,44.73
2021,11,Kerala,Kochi,36.86
2021,11,Kerala,Kozhikode,32.17
2021,11,Kerala,Thiruvananthapuram,42.61
2021,11,Maharashtra,Mumbai,30.18
2021,11,Maharashtra,Nagpur,57.44
2021,11,Maharashtra,Nashik,45.08
2021,11,Maharashtra,Pune,41.37
2021,11,Tamil Nadu,Chennai,38.89
2021,11,Tamil Nadu,Coimbatore,48.22
2021,11,Tamil Nadu,Madurai,47.77
2021,12,Karnataka,Bangalore,45.45
2021,12,Karnataka,Hubli,39.13
2021,12,Karnataka,Mangalore,43.230000000000004
2021,12,Karnataka,Mysore,52.06
2021,12,Kerala,Kochi,53.65
2021,12,Kerala,Kozhikode,39.09
2021,12,Kerala,Thiruvananthapuram,50.8
2021,12,Maharashtra,Mumbai,29.560000000000002
2021,12,Maharashtra,Nagpur,40.27
2021,12,Maharashtra,Nashik,44.76
2021,12,Maharashtra,Pune,34.93
2021,12,Tamil Nadu,Chennai,40.66
2021,12,Tamil Nadu,Coimbatore,42.92
2021,12,Tamil Nadu,Madurai,42.35
2022,1,Karnataka,Bangalore,48.72
2022,1,Karnataka,Hubli,60.03
2022,1,Karnataka,Mangalore,58.76
2022,1,Karnataka,Mysore,72.47
2022,1,Kerala,Kochi,53.06
2022,1,Kerala,Kozhikode,26.75
2022,1,Kerala,Thiruvananthapuram,53.19
2022,1,Maharashtra,Mumbai,52.46
2022,1,Maharashtra,Nagpur,38.32
2022,1,Maharashtra,Nashik,38.96
2022,1,Maharashtra,Pune,60.99
2022,1,Tamil Nadu,Chennai,55.4
2022,1,Tamil Nadu,Coimbatore,37.52
2022,1,Tamil Nadu,Madurai,54.46
2022,2,Karnataka,Bangalore,34.47
2022,2,Karnataka,Hubli,52.0
2022,2,Karnataka,Mangalore,34.44
2022,2,Karnataka,Mysore,41.14
2022,2,Kerala,Kochi,39.61
2022,2,Kerala,Kozhikode,38.910000000000004
2022,2,Kerala,Thiruvananthapuram,33.21
2022,2,Maharashtra,Mumbai,27.71
2022,2,Maharashtra,Nagpur,53.65
2022,2,Maharashtra,Nashik,44.95
2022,2,Maharashtra,Pune,39.07
2022,2,Tamil Nadu,Chennai,44.29
2022,2,Tamil Nadu,Coimbatore,41.82
2022,2,Tamil Nadu,Madurai,41.56
2022,3,Karnataka,Bangalore,51.45
2022,3,Karnataka,Hubli,37.55
2022,3,Karnataka,Mangalore,60.96
2022,3,Karnataka,Mysore,30.240000000000002
2022,3,Kerala,Kochi,44.95
2022,3,Kerala,Kozhikode,38.46
2022,3,Kerala,Thiruvananthapuram,45.480000000000004
2022,3,Maharashtra,Mumbai,31.36
2022,3,Maharashtra,Nagpur,49.38
2022,3,Maharashtra,Nashik,50.43
2022,3,Maharashtra,Pune,55.64
2022,3,Tamil Nadu,Chennai,36.45
2022,3,Tamil Nadu,Coimbatore,33.8
2022,3,Tamil Nadu,Madurai,29.95
2022,4,Karnataka,Bangalore,45.839999999999996
2022,4,Karnataka,Hubli,36.550000000000004
2022,4,Karnataka,Mangalore,40.95
2022,4,Karnataka,Mysore,61.739999999999995
2022,4,Kerala,Kochi,27.65
2022,4,Kerala,Kozhikode,38.089999999999996
2022,4,Kerala,Thiruvananthapuram,47.48
2022,4,Maharashtra,Mumbai,41.35
2022,4,Maharashtra,Nagpur,49.480000000000004
2022,4,Maharashtra,Nashik,33.23
2022,4,Maharashtra,Pune,35.06
2022,4,Tamil Nadu,Chennai,45.6
2022,4,Tamil Nadu,Coimbatore,35.34
2022,4,Tamil Nadu,Madurai,37.34
2022,5,Karnataka,Bangalore,55.81
2022,5,Karnataka,Hubli,41.84
2022,5,Karnataka,Mangalore,29.04
2022,5,Karnataka,Mysore,44.06
2022,5,Kerala,Kochi,33.64
2022,5,Kerala,Kozhikode,38.41
2022,5,Kerala,Thiruvananthapuram,41.01
2022,5,Maharashtra,Mumbai,29.05
2022,5,Maharashtra,Nagpur,37.73
2022,5,Maharashtra,Nashik,30.540000000000003
2022,5,Maharashtra,Pune,54.59
2022,5,Tamil Nadu,Chennai,46.99
2022,5,Tamil Nadu,Coimbatore,40.51
2022,5,Tamil Nadu,Madurai,53.199999999999996
2022,6,Karnataka,Bangalore,438.94
2022,6,Karnataka,Hubli,490.71
2022,6,Karnataka,Mangalore,424.94
2022,6,Karnataka,Mysore,574.12
2022,6,Kerala,Kochi,348.16999999999996
2022,6,Kerala,Kozhikode,352.94
2022,6,Kerala,Thiruvananthapuram,497.48
2022,6,Maharashtra,Mumbai,499.35
2022,6,Maharashtra,Nagpur,472.37
2022,6,Maharashtra,Nashik,370.66
2022,6,Maharashtra,Pune,482.01
2022,6,Tamil Nadu,Chennai,329.37
2022,6,Tamil Nadu,Coimbatore,328.43
2022,6,Tamil Nadu,Madurai,440.73
2022,7,Karnataka,Bangalore,581.91
2022,7,Karnataka,Hubli,449.01
2022,7,Karnataka,Mangalore,325.59000000000003
2022,7,Karnataka,Mysore,250.56
2022,7,Kerala,Kochi,448.69
2022,7,Kerala,Kozhikode,334.86
2022,7,Kerala,Thiruvananthapuram,339.44
2022,7,Maharashtra,Mumbai,486.69
2022,7,Maharashtra,Nagpur,389.27
2022,7,Maharashtra,Nashik,625.79
2022,7,Maharashtra,Pune,675.18
2022,7,Tamil Nadu,Chennai,563.75
2022,7,Tamil Nadu,Coimbatore,314.87
2022,7,Tamil Nadu,Madurai,336.08
2022,8,Karnataka,Bangalore,503.34
2022,8,Karnataka,Hubli,268.81
2022,8,Karnataka,Mangalore,350.3
2022,8,Karnataka,Mysore,556.72
2022,8,Kerala,Kochi,347.16
2022,8,Kerala,Kozhikode,512.08
2022,8,Kerala,Thiruvananthapuram,366.22
2022,8,Maharashtra,Mumbai,431.77000000000004
2022,8,Maharashtra,Nagpur,292.82
2022,8,Maharashtra,Nashik,333.94
2022,8,Maharashtra,Pune,338.73
2022,8,Tamil Nadu,Chennai,448.13
2022,8,Tamil Nadu,Coimbatore,459.53999999999996
2022,8,Tamil Nadu,Madurai,516.17
2022,9,Karnataka,Bangalore,449.65
2022,9,Karnataka,Hubli,415.57
2022,9,Karnataka,Mangalore,322.89
2022,9,Karnataka,Mysore,475.91
2022,9,Kerala,Kochi,317.97
2022,9,Kerala,Kozhikode,331.47
2022,9,Kerala,Thiruvananthapuram,472.23
2022,9,Maharashtra,Mumbai,486.68
2022,9,Maharashtra,Nagpur,287.21
2022,9,Maharashtra,Nashik,478.01
2022,9,Maharashtra,Pune,356.38
2022,9,Tamil Nadu,Chennai,391.41
2022,9,Tamil Nadu,Coimbatore,365.14
2022,9,Tamil Nadu,Madurai,412.09000000000003
2022,10,Karnataka,Bangalore,44.62
2022,10,Karnataka,Hubli,35.29
2022,10,Karnataka,Mangalore,30.48
2022,10,Karnataka,Mysore,37.6
2022,10,Kerala,Kochi,41.82
2022,10,Kerala,Kozhikode,34.83
2022,10,Kerala,Thiruvananthapuram,29.26
2022,10,Maharashtra,Mumbai,58.339999999999996
2022,10,Maharashtra,Nagpur,36.79
2022,10,Maharashtra,Nashik,47.32
2022,10,Maharashtra,Pune,33.18
2022,10,Tamil Nadu,Chennai,41.51
2022,10,Tamil Nadu,Coimbatore,47.32
2022,10,Tamil Nadu,Madurai,31.21
2022,11,Karnataka,Bangalore,42.82
2022,11,Karnataka,Hubli,35.45
2022,11,Karnataka,Mangalore,60.66
2022,11,Karnataka,Mysore,55.7
2022,11,Kerala,Kochi,59.31
2022,11,Kerala,Kozhikode,43.79
2022,11,Kerala,Thiruvananthapuram,39.71
2022,11,Maharashtra,Mumbai,39.699999999999996
2022,11,Maharashtra,Nagpur,36.58
2022,11,Maharashtra,Nashik,46.91
2022,11,Maharashtra,Pune,37.160000000000004
2022,11,Tamil Nadu,Chennai,38.35
2022,11,Tamil Nadu,Coimbatore,63.5
2022,11,Tamil Nadu,Madurai,55.54
2022,12,Karnataka,Bangalore,32.92
2022,12,Karnataka,Hubli,31.39
2022,12,Karnataka,Mangalore,44.42
2022,12,Karnataka,Mysore,32.129999999999995
2022,12,Kerala,Kochi,26.5
2022,12,Kerala,Kozhikode,30.99
2022,12,Kerala,Thiruvananthapuram,44.14
2022,12,Maharashtra,Mumbai,50.15
2022,12,Maharashtra,Nagpur,55.6
2022,12,Maharashtra,Nashik,45.4
2022,12,Maharashtra,Pune,43.39
2022,12,Tamil Nadu,Chennai,33.25
2022,12,Tamil Nadu,Coimbatore,43.78
2022,12,Tamil Nadu,Madurai,39.71
2023,1,Karnataka,Bangalore,37.03
2023,1,Karnataka,Hubli,57.31
2023,1,Karnataka,Mangalore,44.38
2023,1,Karnataka,Mysore,52.12
2023,1,Kerala,Kochi,52.41
2023,1,Kerala,Kozhikode,53.41
2023,1,Kerala,Thiruvananthapuram,49.3
2023,1,Maharashtra,Mumbai,57.129999999999995
2023,1,Maharashtra,Nagpur,38.51
2023,1,Maharashtra,Nashik,37.89
2023,1,Maharashtra,Pune,35.91
2023,1,Tamil Nadu,Chennai,32.03
2023,1,Tamil Nadu,Coimbatore,36.84
2023,1,Tamil Nadu,Madurai,82.59
2023,2,Karnataka,Bangalore,38.26
2023,2,Karnataka,Hubli,29.560000000000002
2023,2,Karnataka,Mangalore,33.04
2023,2,Karnataka,Mysore,34.44
2023,2,Kerala,Kochi,29.63
2023,2,Kerala,Kozhikode,28.23
2023,2,Kerala,Thiruvananthapuram,45.0
2023,2,Maharashtra,Mumbai,48.63
2023,2,Maharashtra,Nagpur,43.47
2023,2,Maharashtra,Nashik,48.47
2023,2,Maharashtra,Pune,48.61
2023,2,Tamil Nadu,Chennai,28.63
2023,2,Tamil Nadu,Coimbatore,47.83
2023,2,Tamil Nadu,Madurai,38.96
2023,3,Karnataka,Bangalore,52.28
2023,3,Karnataka,Hubli,64.91
2023,3,Karnataka,Mangalore,40.06
2023,3,Karnataka,Mysore,43.11
2023,3,Kerala,Kochi,51.56
2023,3,Kerala,Kozhikode,37.69
2023,3,Kerala,Thiruvananthapuram,45.46
2023,3,Maharashtra,Mumbai,54.35
2023,3,Maharashtra,Nagpur,39.53
2023,3,Maharashtra,Nashik,38.78
2023,3,Maharashtra,Pune,33.91
2023,3,Tamil Nadu,Chennai,61.769999999999996
2023,3,Tamil Nadu,Coimbatore,31.66
2023,3,Tamil Nadu,Madurai,42.38
2023,4,Karnataka,Bangalore,47.09
2023,4,Karnataka,Hubli,41.5
2023,4,Karnataka,Mangalore,47.16
2023,4,Karnataka,Mysore,43.86
2023,4,Kerala,Kochi,27.4
2023,4,Kerala,Kozhikode,57.43
2023,4,Kerala,Thiruvananthapuram,31.93
2023,4,Maharashtra,Mumbai,45.95
2023,4,Maharashtra,Nagpur,36.89
2023,4,Maharashtra,Nashik,60.73
2023,4,Maharashtra,Pune,45.63
2023,4,Tamil Nadu,Chennai,30.900000000000002
2023,4,Tamil Nadu,Coimbatore,52.550000000000004
2023,4,Tamil Nadu,Madurai,44.589999999999996
2023,5,Karnataka,Bangalore,49.73
2023,5,Karnataka,Hubli,33.17
2023,5,Karnataka,Mangalore,48.75
2023,5,Karnataka,Mysore,28.83
2023,5,Kerala,Kochi,32.56
2023,5,Kerala,Kozhikode,50.66
2023,5,Kerala,Thiruvananthapuram,35.75
2023,5,Maharashtra,Mumbai,50.85
2023,5,Maharashtra,Nagpur,44.85
2023,5,Maharashtra,Nashik,48.17
2023,5,Maharashtra,Pune,40.85
2023,5,Tamil Nadu,Chennai,39.67
2023,5,Tamil Nadu,Coimbatore,38.17
2023,5,Tamil Nadu,Madurai,57.63
2023,6,Karnataka,Bangalore,382.93
2023,6,Karnataka,Hubli,430.31
2023,6,Karnataka,Mangalore,410.89
2023,6,Karnataka,Mysore,418.79
2023,6,Kerala,Kochi,512.96
2023,6,Kerala,Kozhikode,287.35
2023,6,Kerala,Thiruvananthapuram,383.12
2023,6,Maharashtra,Mumbai,397.33
2023,6,Maharashtra,Nagpur,452.46
2023,6,Maharashtra,Nashik,452.71000000000004
2023,6,Maharashtra,Pune,418.09000000000003
2023,6,Tamil Nadu,Chennai,318.83
2023,6,Tamil Nadu,Coimbatore,355.97
2023,6,Tamil Nadu,Madurai,531.86
2023,7,Karnataka,Bangalore,609.69
2023,7,Karnataka,Hubli,429.78
2023,7,Karnataka,Mangalore,385.27000000000004
2023,7,Karnataka,Mysore,458.22
2023,7,Kerala,Kochi,303.76
2023,7,Kerala,Kozhikode,464.05
2023,7,Kerala,Thiruvananthapuram,369.29
2023,7,Maharashtra,Mumbai,233.7
2023,7,Maharashtra,Nagpur,647.86
2023,7,Maharashtra,Nashik,379.49
2023,7,Maharashtra,Pune,467.69
2023,7,Tamil Nadu,Chennai,392.28
2023,7,Tamil Nadu,Coimbatore,446.53
2023,7,Tamil Nadu,Madurai,417.95
2023,8,Karnataka,Bangalore,261.67
2023,8,Karnataka,Hubli,569.19
2023,8,Karnataka,Mangalore,585.86
2023,8,Karnataka,Mysore,513.5600000000001
2023,8,Kerala,Kochi,570.24
2023,8,Kerala,Kozhikode,471.46
2023,8,Kerala,Thiruvananthapuram,443.65
2023,8,Maharashtra,Mumbai,378.57
2023,8,Maharashtra,Nagpur,379.6
2023,8,Maharashtra,Nashik,588.4399999999999
2023,8,Maharashtra,Pune,357.77
2023,8,Tamil Nadu,Chennai,547.35
2023,8,Tamil Nadu,Coimbatore,478.4
2023,8,Tamil Nadu,Madurai,504.63
2023,9,Karnataka,Bangalore,330.51
2023,9,Karnataka,Hubli,366.1
2023,9,Karnataka,Mangalore,319.63
2023,9,Karnataka,Mysore,535.75
2023,9,Kerala,Kochi,493.40000000000003
2023,9,Kerala,Kozhikode,470.22
2023,9,Kerala,Thiruvananthapuram,543.17
2023,9,Maharashtra,Mumbai,430.06
2023,9,Maharashtra,Nagpur,302.28000000000003
2023,9,Maharashtra,Nashik,510.72
2023,9,Maharashtra,Pune,407.45
2023,9,Tamil Nadu,Chennai,428.12
2023,9,Tamil Nadu,Coimbatore,322.21000000000004
2023,9,Tamil Nadu,Madurai,458.71000000000004
2023,10,Karnataka,Bangalore,41.339999999999996
2023,10,Karnataka,Hubli,41.52
2023,10,Karnataka,Mangalore,47.84
2023,10,Karnataka,Mysore,26.54
2023,10,Kerala,Kochi,43.47
2023,10,Kerala,Kozhikode,55.31
2023,10,Kerala,Thiruvananthapuram,39.199999999999996
2023,10,Maharashtra,Mumbai,71.81
2023,10,Maharashtra,Nagpur,50.160000000000004
2023,10,Maharashtra,Nashik,36.95
2023,10,Maharashtra,Pune,42.31
2023,10,Tamil Nadu,Chennai,27.95
2023,10,Tamil Nadu,Coimbatore,40.71
2023,10,Tamil Nadu,Madurai,37.48
2023,11,Karnataka,Bangalore,36.0
2023,11,Karnataka,Hubli,44.49
2023,11,Karnataka,Mangalore,46.88
2023,11,Karnataka,Mysore,29.08
2023,11,Kerala,Kochi,45.65
2023,11,Kerala,Kozhikode,36.13
2023,11,Kerala,Thiruvananthapuram,58.339999999999996
2023,11,Maharashtra,Mumbai,45.37
2023,11,Maharashtra,Nagpur,50.440000000000005
2023,11,Maharashtra,Nashik,48.03
2023,11,Maharashtra,Pune,31.47
2023,11,Tamil Nadu,Chennai,35.019999999999996
2023,11,Tamil Nadu,Coimbatore,32.79
2023,11,Tamil Nadu,Madurai,41.19
2023,12,Karnataka,Bangalore,40.04
2023,12,Karnataka,Hubli,52.04
2023,12,Karnataka,Mangalore,44.11
2023,12,Karnataka,Mysore,26.06
2023,12,Kerala,Kochi,47.89
2023,12,Kerala,Kozhikode,60.93
2023,12,Kerala,Thiruvananthapuram,52.28
2023,12,Maharashtra,Mumbai,47.03
2023,12,Maharashtra,Nagpur,54.27
2023,12,Maharashtra,Nashik,53.45
2023,12,Maharashtra,Pune,32.62
2023,12,Tamil Nadu,Chennai,36.25
2023,12,Tamil Nadu,Coimbatore,47.5
2023,12,Tamil Nadu,Madurai,45.47
