year,month,state,district,monthly_precip
2001,1,Maharashtra,Mumbai,66.28399210495405
2001,1,Maharashtra,Pune,66.5874458250772
2001,1,Uttar Pradesh,Kanpur,73.39631851039161
2001,1,Uttar Pradesh,Lucknow,63.58037377814293
2001,2,Maharashtra,Mumbai,64.05269464582072
2001,2,Maharashtra,Pune,60.839282036264585
2001,2,Uttar Pradesh,Kanpur,49.40006983479031
2001,2,Uttar Pradesh,Lucknow,62.49175467884517
2001,3,Maharashtra,Mumbai,55.24873081932342
2001,3,Maharashtra,Pune,56.83621428570779
2001,3,Uttar Pradesh,Kanpur,107.7365625087103
2001,3,Uttar Pradesh,Lucknow,71.49364239244919
2001,4,Maharashtra,Mumbai,68.27601106654804
2001,4,Maharashtra,Pune,78.3017480752863
2001,4,Uttar Pradesh,Kanpur,68.08705631972553
2001,4,Uttar Pradesh,Lucknow,55.171594204284105
2001,5,Maharashtra,Mumbai,106.0396029494272
2001,5,Maharashtra,Pune,95.85611747532835
2001,5,Uttar Pradesh,Kanpur,77.13169975218749
2001,5,Uttar Pradesh,Lucknow,52.68145031830074
2001,6,Maharashtra,Mumbai,70.1125899328379
2001,6,Maharashtra,Pune,79.46174914516939
2001,6,Uttar Pradesh,Kanpur,69.40414375368474
2001,6,Uttar Pradesh,Lucknow,81.85161787604349
2001,7,Maharashtra,Mumbai,71.31804455533829
2001,7,Maharashtra,Pune,55.39485869933514
2001,7,Uttar Pradesh,Kanpur,73.48982160863713
2001,7,Uttar Pradesh,Lucknow,54.32493446977658
2001,8,Maharashtra,Mumbai,73.75130290545195
2001,8,Maharashtra,Pune,79.64185677452625
2001,8,Uttar Pradesh,Kanpur,49.30517989730337
2001,8,Uttar Pradesh,Lucknow,54.07725873127794
2001,9,Maharashtra,Mumbai,61.27814012774756
2001,9,Maharashtra,Pune,80.26996846296885
2001,9,Uttar Pradesh,Kanpur,80.73182858660816
2001,9,Uttar Pradesh,Lucknow,58.53899706457242
2001,10,Maharashtra,Mumbai,95.15793365293524
2001,10,Maharashtra,Pune,82.72967078428294
2001,10,Uttar Pradesh,Kanpur,90.03165747184228
2001,10,Uttar Pradesh,Lucknow,96.82359393114758
2001,11,Maharashtra,Mumbai,90.80447146183272
2001,11,Maharashtra,Pune,60.19196963545584
2001,11,Uttar Pradesh,Kanpur,93.72285200013211
2001,11,Uttar Pradesh,Lucknow,57.96986211841781
2001,12,Maharashtra,Mumbai,76.27960296886206
2001,12,Maharashtra,Pune,92.41670445440852
2001,12,Uttar Pradesh,Kanpur,83.08692022468709
2001,12,Uttar Pradesh,Lucknow,88.6623884059999
2002,1,Maharashtra,Mumbai,77.30549287944196
2002,1,Maharashtra,Pune,65.40115020618336
2002,1,Uttar Pradesh,Kanpur,75.72188231552416
2002,1,Uttar Pradesh,Lucknow,67.09973307733968
2002,2,Maharashtra,Mumbai,62.80036501206798
2002,2,Maharashtra,Pune,63.609820992823536
2002,2,Uttar Pradesh,Kanpur,53.69608721710052
2002,2,Uttar Pradesh,Lucknow,71.58888726994232
2002,3,Maharashtra,Mumbai,78.85515538148188
2002,3,Maharashtra,Pune,62.34679007728399
2002,3,Uttar Pradesh,Kanpur,90.86181268415974
2002,3,Uttar Pradesh,Lucknow,66.64144827508777
2002,4,Maharashtra,Mumbai,74.65515287598353
2002,4,Maharashtra,Pune,80.94203872359137
2002,4,Uttar Pradesh,Kanpur,77.44187314705766
2002,4,Uttar Pradesh,Lucknow,70.98168751035489
2002,5,Maharashtra,Mumbai,76.6400413175476
2002,5,Maharashtra,Pune,60.15907175942632
2002,5,Uttar Pradesh,Kanpur,87.87238000083917
2002,5,Uttar Pradesh,Lucknow,78.54996338643438
2002,6,Maharashtra,Mumbai,61.64196590868896
2002,6,Maharashtra,Pune,78.79250995843996
2002,6,Uttar Pradesh,Kanpur,58.6326018186057
2002,6,Uttar Pradesh,Lucknow,84.01976869877815
2002,7,Maharashtra,Mumbai,71.48428617159783
2002,7,Maharashtra,Pune,65.53695613341645
2002,7,Uttar Pradesh,Kanpur,47.59051553610296
2002,7,Uttar Pradesh,Lucknow,58.38025588900638
2002,8,Maharashtra,Mumbai,70.05445347648106
2002,8,Maharashtra,Pune,78.82221163626431
2002,8,Uttar Pradesh,Kanpur,86.09476179347902
2002,8,Uttar Pradesh,Lucknow,79.5148830820278
2002,9,Maharashtra,Mumbai,70.04053404884739
2002,9,Maharashtra,Pune,63.00315567300015
2002,9,Uttar Pradesh,Kanpur,83.0008637245022
2002,9,Uttar Pradesh,Lucknow,97.42887857645024
2002,10,Maharashtra,Mumbai,71.25441038258934
2002,10,Maharashtra,Pune,73.39743947852327
2002,10,Uttar Pradesh,Kanpur,65.76885123944557
2002,10,Uttar Pradesh,Lucknow,66.0500413025846
2002,11,Maharashtra,Mumbai,97.26106517552999
2002,11,Maharashtra,Pune,83.15961085172596
2002,11,Uttar Pradesh,Kanpur,73.76516970524108
2002,11,Uttar Pradesh,Lucknow,69.19728776400588
2002,12,Maharashtra,Mumbai,72.76878069551464
2002,12,Maharashtra,Pune,66.12086333192809
2002,12,Uttar Pradesh,Kanpur,58.55266575165973
2002,12,Uttar Pradesh,Lucknow,67.36152373501488
2003,1,Maharashtra,Mumbai,75.35194888228796
2003,1,Maharashtra,Pune,89.89680614730204
2003,1,Uttar Pradesh,Kanpur,77.31942447236858
2003,1,Uttar Pradesh,Lucknow,57.662642591808215
2003,2,Maharashtra,Mumbai,70.30751470952318
2003,2,Maharashtra,Pune,87.2846879611046
2003,2,Uttar Pradesh,Kanpur,84.02213655721629
2003,2,Uttar Pradesh,Lucknow,59.737030054776945
2003,3,Maharashtra,Mumbai,62.95442493614825
2003,3,Maharashtra,Pune,88.28019486220785
2003,3,Uttar Pradesh,Kanpur,61.941669158736026
2003,3,Uttar Pradesh,Lucknow,87.06471007925525
2003,4,Maharashtra,Mumbai,51.40107534935622
2003,4,Maharashtra,Pune,66.72891221907183
2003,4,Uttar Pradesh,Kanpur,85.98270049510299
2003,4,Uttar Pradesh,Lucknow,66.94377182880633
2003,5,Maharashtra,Mumbai,83.6929231575501
2003,5,Maharashtra,Pune,77.73741100679953
2003,5,Uttar Pradesh,Kanpur,50.90053486606873
2003,5,Uttar Pradesh,Lucknow,93.42383609245573
2003,6,Maharashtra,Mumbai,83.16999598978641
2003,6,Maharashtra,Pune,102.8282179908103
2003,6,Uttar Pradesh,Kanpur,87.37440000654574
2003,6,Uttar Pradesh,Lucknow,51.06532478136601
2003,7,Maharashtra,Mumbai,74.82180033734232
2003,7,Maharashtra,Pune,71.03780024294828
2003,7,Uttar Pradesh,Kanpur,89.35987083792448
2003,7,Uttar Pradesh,Lucknow,56.52382169613276
2003,8,Maharashtra,Mumbai,53.920365263826156
2003,8,Maharashtra,Pune,76.88032573549984
2003,8,Uttar Pradesh,Kanpur,72.66100120740037
2003,8,Uttar Pradesh,Lucknow,52.731659611940735
2003,9,Maharashtra,Mumbai,78.77809461526624
2003,9,Maharashtra,Pune,84.73750498265534
2003,9,Uttar Pradesh,Kanpur,76.51949404723409
2003,9,Uttar Pradesh,Lucknow,60.75947578285585
2003,10,Maharashtra,Mumbai,94.10493070706221
2003,10,Maharashtra,Pune,73.21638327736216
2003,10,Uttar Pradesh,Kanpur,68.58124895931714
2003,10,Uttar Pradesh,Lucknow,80.20032435410356
2003,11,Maharashtra,Mumbai,89.96027712251288
2003,11,Maharashtra,Pune,76.1311033562496
2003,11,Uttar Pradesh,Kanpur,58.86737980421767
2003,11,Uttar Pradesh,Lucknow,73.12343607385348
2003,12,Maharashtra,Mumbai,70.48625968999215
2003,12,Maharashtra,Pune,75.66059182159785
2003,12,Uttar Pradesh,Kanpur,54.634130551654586
2003,12,Uttar Pradesh,Lucknow,71.73993277420932
2004,1,Maharashtra,Mumbai,77.45597444787747
2004,1,Maharashtra,Pune,66.01881693480351
2004,1,Uttar Pradesh,Kanpur,65.27871921493053
2004,1,Uttar Pradesh,Lucknow,89.63448670772019
2004,2,Maharashtra,Mumbai,49.22482472982921
2004,2,Maharashtra,Pune,65.55420077635688
2004,2,Uttar Pradesh,Kanpur,54.77528064012398
2004,2,Uttar Pradesh,Lucknow,72.9822799456274
2004,3,Maharashtra,Mumbai,69.14659532744776
2004,3,Maharashtra,Pune,100.64621760563274
2004,3,Uttar Pradesh,Kanpur,52.548890994020844
2004,3,Uttar Pradesh,Lucknow,101.92624197619905
2004,4,Maharashtra,Mumbai,68.40004121401546
2004,4,Maharashtra,Pune,65.128394159296
2004,4,Uttar Pradesh,Kanpur,51.03321256274261
2004,4,Uttar Pradesh,Lucknow,73.69469420460204
2004,5,Maharashtra,Mumbai,65.51683493873033
2004,5,Maharashtra,Pune,106.0130795113688
2004,5,Uttar Pradesh,Kanpur,74.98633703906202
2004,5,Uttar Pradesh,Lucknow,80.7605414404374
2004,6,Maharashtra,Mumbai,70.19120971794777
2004,6,Maharashtra,Pune,79.38053247644045
2004,6,Uttar Pradesh,Kanpur,74.96134340232874
2004,6,Uttar Pradesh,Lucknow,67.08431840858523
2004,7,Maharashtra,Mumbai,92.70230816988357
2004,7,Maharashtra,Pune,70.63958086734861
2004,7,Uttar Pradesh,Kanpur,56.671639500447526
2004,7,Uttar Pradesh,Lucknow,67.03613182935773
2004,8,Maharashtra,Mumbai,62.32524036060659
2004,8,Maharashtra,Pune,74.0526361949905
2004,8,Uttar Pradesh,Kanpur,67.66618228137672
2004,8,Uttar Pradesh,Lucknow,77.31793353411302
2004,9,Maharashtra,Mumbai,65.26192462135218
2004,9,Maharashtra,Pune,60.1428746948581
2004,9,Uttar Pradesh,Kanpur,54.682882720485594
2004,9,Uttar Pradesh,Lucknow,62.52649652766118
2004,10,Maharashtra,Mumbai,71.27967685130999
2004,10,Maharashtra,Pune,79.22416149402751
2004,10,Uttar Pradesh,Kanpur,66.67363347366249
2004,10,Uttar Pradesh,Lucknow,74.45816944191355
2004,11,Maharashtra,Mumbai,60.31936148063844
2004,11,Maharashtra,Pune,97.97696014581825
2004,11,Uttar Pradesh,Kanpur,65.50424832333064
2004,11,Uttar Pradesh,Lucknow,68.79761987848302
2004,12,Maharashtra,Mumbai,102.09566711012157
2004,12,Maharashtra,Pune,88.76758778601953
2004,12,Uttar Pradesh,Kanpur,71.92605977432707
2004,12,Uttar Pradesh,Lucknow,59.9721918185409
2005,1,Maharashtra,Mumbai,68.28158610650088
2005,1,Maharashtra,Pune,67.89170564561235
2005,1,Uttar Pradesh,Kanpur,57.70294878293809
2005,1,Uttar Pradesh,Lucknow,76.12993832709373
2005,2,Maharashtra,Mumbai,53.04991757342174
2005,2,Maharashtra,Pune,66.108511785667
2005,2,Uttar Pradesh,Kanpur,58.13957992092471
2005,2,Uttar Pradesh,Lucknow,75.21036576294664
2005,3,Maharashtra,Mumbai,95.15060530686836
2005,3,Maharashtra,Pune,70.50421174987129
2005,3,Uttar Pradesh,Kanpur,71.47782780021828
2005,3,Uttar Pradesh,Lucknow,84.05657453056205
2005,4,Maharashtra,Mumbai,57.50419008127898
2005,4,Maharashtra,Pune,62.22408539840938
2005,4,Uttar Pradesh,Kanpur,69.05797250127107
2005,4,Uttar Pradesh,Lucknow,55.425699575529414
2005,5,Maharashtra,Mumbai,68.29145372420325
2005,5,Maharashtra,Pune,74.70845086915945
2005,5,Uttar Pradesh,Kanpur,71.84137192987984
2005,5,Uttar Pradesh,Lucknow,79.88480675150053
2005,6,Maharashtra,Mumbai,60.11194330894148
2005,6,Maharashtra,Pune,86.49683889947482
2005,6,Uttar Pradesh,Kanpur,68.37680904061699
2005,6,Uttar Pradesh,Lucknow,80.78561289995486
2005,7,Maharashtra,Mumbai,59.48302588939861
2005,7,Maharashtra,Pune,88.79366556029971
2005,7,Uttar Pradesh,Kanpur,67.91632188236487
2005,7,Uttar Pradesh,Lucknow,68.31486704564976
2005,8,Maharashtra,Mumbai,57.37928933214166
2005,8,Maharashtra,Pune,81.64340719786514
2005,8,Uttar Pradesh,Kanpur,81.00304667335274
2005,8,Uttar Pradesh,Lucknow,65.22708700851926
2005,9,Maharashtra,Mumbai,70.75334572348999
2005,9,Maharashtra,Pune,54.85026065117277
2005,9,Uttar Pradesh,Kanpur,89.7925945109541
2005,9,Uttar Pradesh,Lucknow,78.61263661929911
2005,10,Maharashtra,Mumbai,92.49136158357581
2005,10,Maharashtra,Pune,92.38877566646048
2005,10,Uttar Pradesh,Kanpur,61.99335281333079
2005,10,Uttar Pradesh,Lucknow,79.39407740181002
2005,11,Maharashtra,Mumbai,62.36004930360121
2005,11,Maharashtra,Pune,55.18976735565259
2005,11,Uttar Pradesh,Kanpur,65.40388857888131
2005,11,Uttar Pradesh,Lucknow,63.88388002712529
2005,12,Maharashtra,Mumbai,79.85798505155805
2005,12,Maharashtra,Pune,66.09182290144766
2005,12,Uttar Pradesh,Kanpur,63.497794172563495
2005,12,Uttar Pradesh,Lucknow,68.40930235967113
